"item_id","name","bless","enchantlvl","attr_enchantlvl","price"
"9","オリハルコン ダガー","0","0","0","300000"
"9","オリハルコン ダガー","0","1","0","305000"
"9","オリハルコン ダガー","0","2","0","310000"
"9","オリハルコン ダガー","0","3","0","315000"
"9","オリハルコン ダガー","0","4","0","320000"
"9","オリハルコン ダガー","0","5","0","325000"
"9","オリハルコン ダガー","0","6","0","330000"
"9","オリハルコン ダガー","0","7","0","450000"
"9","オリハルコン ダガー","0","8","0","700000"
"9","オリハルコン ダガー","0","9","0","1250000"
"9","オリハルコン ダガー","0","10","0","2500000"
"9","オリハルコン ダガー","0","11","0","7000000"
"9","オリハルコン ダガー","0","12","0","16000000"
"9","オリハルコン ダガー","1","0","0","300000"
"9","オリハルコン ダガー","1","1","0","305000"
"9","オリハルコン ダガー","1","2","0","310000"
"9","オリハルコン ダガー","1","3","0","315000"
"9","オリハルコン ダガー","1","4","0","320000"
"9","オリハルコン ダガー","1","5","0","325000"
"9","オリハルコン ダガー","1","6","0","330000"
"9","オリハルコン ダガー","1","7","0","450000"
"9","オリハルコン ダガー","1","8","0","700000"
"9","オリハルコン ダガー","1","9","0","1250000"
"9","オリハルコン ダガー","1","10","0","2500000"
"9","オリハルコン ダガー","1","11","0","7000000"
"9","オリハルコン ダガー","1","12","0","16000000"
"12","\aH風刃の短剣","0","0","0","7000000"
"12","\aH風刃の短剣","0","1","0","15000000"
"12","\aH風刃の短剣","0","2","0","28000000"
"12","\aH風刃の短剣","0","3","0","45000000"
"12","\aH風刃の短剣","0","4","0","90000000"
"12","\aH風刃の短剣","0","5","0","130000000"
"12","\aH風刃の短剣","1","0","0","7000000"
"12","\aH風刃の短剣","1","1","0","15000000"
"12","\aH風刃の短剣","1","2","0","28000000"
"12","\aH風刃の短剣","1","3","0","45000000"
"12","\aH風刃の短剣","1","4","0","90000000"
"12","\aH風刃の短剣","1","5","0","130000000"
"57","ツルギ","0","0","0","40000"
"57","ツルギ","0","1","0","40000"
"57","ツルギ","0","2","0","40000"
"57","ツルギ","0","3","0","40000"
"57","ツルギ","0","4","0","40000"
"57","ツルギ","0","5","0","40000"
"57","ツルギ","0","6","0","40000"
"57","ツルギ","0","7","0","120000"
"57","ツルギ","0","8","0","300000"
"57","ツルギ","0","9","0","700000"
"57","ツルギ","0","10","0","1500000"
"57","ツルギ","0","11","0","4000000"
"57","ツルギ","1","0","0","40000"
"57","ツルギ","1","1","0","40000"
"57","ツルギ","1","2","0","40000"
"57","ツルギ","1","3","0","40000"
"57","ツルギ","1","4","0","40000"
"57","ツルギ","1","5","0","40000"
"57","ツルギ","1","6","0","40000"
"57","ツルギ","1","7","0","120000"
"57","ツルギ","1","8","0","300000"
"57","ツルギ","1","9","0","700000"
"57","ツルギ","1","10","0","1500000"
"57","ツルギ","1","11","0","4000000"
"58","デスナイト フレイムブレード","0","0","0","8000000"
"58","デスナイト フレイムブレード","0","1","0","8000000"
"58","デスナイト フレイムブレード","0","2","0","8000000"
"58","デスナイト フレイムブレード","0","3","0","8000000"
"58","デスナイト フレイムブレード","0","4","0","8000000"
"58","デスナイト フレイムブレード","0","5","0","8000000"
"58","デスナイト フレイムブレード","0","6","0","8000000"
"58","デスナイト フレイムブレード","0","7","0","8000000"
"58","デスナイト フレイムブレード","0","8","0","15000000"
"58","デスナイト フレイムブレード","0","9","0","40000000"
"58","デスナイト フレイムブレード","0","10","0","90000000"
"58","デスナイト フレイムブレード","0","11","0","150000000"
"58","デスナイト フレイムブレード","1","0","0","8000000"
"58","デスナイト フレイムブレード","1","1","0","8000000"
"58","デスナイト フレイムブレード","1","2","0","8000000"
"58","デスナイト フレイムブレード","1","3","0","8000000"
"58","デスナイト フレイムブレード","1","4","0","8000000"
"58","デスナイト フレイムブレード","1","5","0","8000000"
"58","デスナイト フレイムブレード","1","6","0","8000000"
"58","デスナイト フレイムブレード","1","7","0","8000000"
"58","デスナイト フレイムブレード","1","8","0","15000000"
"58","デスナイト フレイムブレード","1","9","0","40000000"
"58","デスナイト フレイムブレード","1","10","0","90000000"
"58","デスナイト フレイムブレード","1","11","0","150000000"
"61","\aH真冥王の執行剣","0","0","0","10000000"
"61","\aH真冥王の執行剣","0","1","0","22000000"
"61","\aH真冥王の執行剣","0","2","0","35000000"
"61","\aH真冥王の執行剣","0","3","0","50000000"
"61","\aH真冥王の執行剣","0","4","0","80000000"
"61","\aH真冥王の執行剣","0","5","0","150000000"
"61","\aH真冥王の執行剣","1","0","0","10000000"
"61","\aH真冥王の執行剣","1","1","0","22000000"
"61","\aH真冥王の執行剣","1","2","0","35000000"
"61","\aH真冥王の執行剣","1","3","0","50000000"
"61","\aH真冥王の執行剣","1","4","0","80000000"
"61","\aH真冥王の執行剣","1","5","0","150000000"
"62","ジェネラル グレートソード","0","0","0","650000"
"62","ジェネラル グレートソード","0","1","0","650000"
"62","ジェネラル グレートソード","0","2","0","650000"
"62","ジェネラル グレートソード","0","3","0","650000"
"62","ジェネラル グレートソード","0","4","0","650000"
"62","ジェネラル グレートソード","0","5","0","650000"
"62","ジェネラル グレートソード","0","6","0","650000"
"62","ジェネラル グレートソード","0","7","0","850000"
"62","ジェネラル グレートソード","0","8","0","900000"
"62","ジェネラル グレートソード","0","9","0","1800000"
"62","ジェネラル グレートソード","0","10","0","4500000"
"62","ジェネラル グレートソード","0","11","0","12000000"
"62","ジェネラル グレートソード","0","12","0","56000000"
"62","ジェネラル グレートソード","1","0","0","650000"
"62","ジェネラル グレートソード","1","1","0","650000"
"62","ジェネラル グレートソード","1","2","0","650000"
"62","ジェネラル グレートソード","1","3","0","650000"
"62","ジェネラル グレートソード","1","4","0","650000"
"62","ジェネラル グレートソード","1","5","0","650000"
"62","ジェネラル グレートソード","1","6","0","650000"
"62","ジェネラル グレートソード","1","7","0","850000"
"62","ジェネラル グレートソード","1","8","0","900000"
"62","ジェネラル グレートソード","1","9","0","1800000"
"62","ジェネラル グレートソード","1","10","0","4500000"
"62","ジェネラル グレートソード","1","11","0","12000000"
"62","ジェネラル グレートソード","1","12","0","56000000"
"67","エンシェント グレートソード","0","0","0","150000"
"67","エンシェント グレートソード","1","0","0","150000"
"68","エンシェント ソード","0","0","0","150000"
"68","エンシェント ソード","1","0","0","150000"
"76","ロンドゥ デュアルブレード","0","0","0","1500000"
"76","ロンドゥ デュアルブレード","0","1","0","1500000"
"76","ロンドゥ デュアルブレード","0","2","0","1500000"
"76","ロンドゥ デュアルブレード","0","3","0","1500000"
"76","ロンドゥ デュアルブレード","0","4","0","1500000"
"76","ロンドゥ デュアルブレード","0","5","0","1500000"
"76","ロンドゥ デュアルブレード","0","6","0","1500000"
"76","ロンドゥ デュアルブレード","0","7","0","1500000"
"76","ロンドゥ デュアルブレード","0","8","0","3800000"
"76","ロンドゥ デュアルブレード","0","9","0","9900000"
"76","ロンドゥ デュアルブレード","0","10","0","2500000"
"76","ロンドゥ デュアルブレード","0","11","0","5000000"
"76","ロンドゥ デュアルブレード","0","12","0","100000000"
"76","ロンドゥ デュアルブレード","1","0","0","1500000"
"76","ロンドゥ デュアルブレード","1","1","0","1500000"
"76","ロンドゥ デュアルブレード","1","2","0","1500000"
"76","ロンドゥ デュアルブレード","1","3","0","1500000"
"76","ロンドゥ デュアルブレード","1","4","0","1500000"
"76","ロンドゥ デュアルブレード","1","5","0","1500000"
"76","ロンドゥ デュアルブレード","1","6","0","1500000"
"76","ロンドゥ デュアルブレード","1","7","0","1500000"
"76","ロンドゥ デュアルブレード","1","8","0","3800000"
"76","ロンドゥ デュアルブレード","1","9","0","9900000"
"76","ロンドゥ デュアルブレード","1","10","0","25000000"
"76","ロンドゥ デュアルブレード","1","11","0","50000000"
"76","ロンドゥ デュアルブレード","1","12","0","100000000"
"81","ブラインド デュアルブレード","0","0","0","14000"
"81","ブラインド デュアルブレード","0","1","0","15000"
"81","ブラインド デュアルブレード","0","2","0","16000"
"81","ブラインド デュアルブレード","0","3","0","17000"
"81","ブラインド デュアルブレード","0","4","0","18000"
"81","ブラインド デュアルブレード","0","5","0","19000"
"81","ブラインド デュアルブレード","0","6","0","20000"
"81","ブラインド デュアルブレード","0","7","0","80000"
"81","ブラインド デュアルブレード","0","8","0","250000"
"81","ブラインド デュアルブレード","0","9","0","400000"
"81","ブラインド デュアルブレード","0","10","0","950000"
"81","ブラインド デュアルブレード","0","11","0","2500000"
"81","ブラインド デュアルブレード","1","0","0","14000"
"81","ブラインド デュアルブレード","1","1","0","15000"
"81","ブラインド デュアルブレード","1","2","0","16000"
"81","ブラインド デュアルブレード","1","3","0","17000"
"81","ブラインド デュアルブレード","1","4","0","18000"
"81","ブラインド デュアルブレード","1","5","0","19000"
"81","ブラインド デュアルブレード","1","6","0","20000"
"81","ブラインド デュアルブレード","1","7","0","80000"
"81","ブラインド デュアルブレード","1","8","0","250000"
"81","ブラインド デュアルブレード","1","9","0","400000"
"81","ブラインド デュアルブレード","1","10","0","950000"
"81","ブラインド デュアルブレード","1","11","0","2500000"
"84","ダークネス デュアルブレード","0","0","0","3000000"
"84","ダークネス デュアルブレード","0","1","0","3000000"
"84","ダークネス デュアルブレード","0","2","0","3000000"
"84","ダークネス デュアルブレード","0","3","0","3000000"
"84","ダークネス デュアルブレード","0","4","0","3000000"
"84","ダークネス デュアルブレード","0","5","0","3000000"
"84","ダークネス デュアルブレード","0","6","0","3000000"
"84","ダークネス デュアルブレード","0","7","0","3000000"
"84","ダークネス デュアルブレード","0","8","0","18000000"
"84","ダークネス デュアルブレード","0","9","0","28000000"
"84","ダークネス デュアルブレード","0","10","0","58000000"
"84","ダークネス デュアルブレード","0","11","0","68000000"
"84","ダークネス デュアルブレード","0","12","0","78000000"
"84","ダークネス デュアルブレード","1","0","0","3000000"
"84","ダークネス デュアルブレード","1","1","0","3000000"
"84","ダークネス デュアルブレード","1","2","0","3000000"
"84","ダークネス デュアルブレード","1","3","0","3000000"
"84","ダークネス デュアルブレード","1","4","0","3000000"
"84","ダークネス デュアルブレード","1","5","0","3000000"
"84","ダークネス デュアルブレード","1","6","0","3000000"
"84","ダークネス デュアルブレード","1","7","0","3000000"
"84","ダークネス デュアルブレード","1","8","0","18000000"
"84","ダークネス デュアルブレード","1","9","0","28000000"
"84","ダークネス デュアルブレード","1","10","0","58000000"
"84","ダークネス デュアルブレード","1","11","0","68000000"
"84","ダークネス デュアルブレード","1","12","0","78000000"
"86","\aHレッドシャドウ デュアルブレード","0","1","0","9000000"
"86","\aHレッドシャドウ デュアルブレード","0","2","0","15000000"
"86","\aHレッドシャドウ デュアルブレード","0","3","0","40000000"
"86","\aHレッドシャドウ デュアルブレード","0","4","0","85000000"
"86","\aHレッドシャドウ デュアルブレード","0","5","0","15000000"
"86","\aHレッドシャドウ デュアルブレード","1","1","0","9000000"
"86","\aHレッドシャドウ デュアルブレード","1","2","0","15000000"
"86","\aHレッドシャドウ デュアルブレード","1","3","0","40000000"
"86","\aHレッドシャドウ デュアルブレード","1","4","0","85000000"
"86","\aHレッドシャドウ デュアルブレード","1","5","0","150000000"
"162","ブラインド クロウ","0","0","0","14000"
"162","ブラインド クロウ","0","1","0","15000"
"162","ブラインド クロウ","0","2","0","16000"
"162","ブラインド クロウ","0","3","0","17000"
"162","ブラインド クロウ","0","4","0","18000"
"162","ブラインド クロウ","0","5","0","19000"
"162","ブラインド クロウ","0","6","0","20000"
"162","ブラインド クロウ","0","7","0","80000"
"162","ブラインド クロウ","0","8","0","250000"
"162","ブラインド クロウ","0","9","0","400000"
"162","ブラインド クロウ","0","10","0","950000"
"162","ブラインド クロウ","0","11","0","2500000"
"162","ブラインド クロウ","1","0","0","14000"
"162","ブラインド クロウ","1","1","0","15000"
"162","ブラインド クロウ","1","2","0","16000"
"162","ブラインド クロウ","1","3","0","170000"
"162","ブラインド クロウ","1","4","0","180000"
"162","ブラインド クロウ","1","5","0","190000"
"162","ブラインド クロウ","1","6","0","200000"
"162","ブラインド クロウ","1","7","0","800000"
"162","ブラインド クロウ","1","8","0","2500000"
"162","ブラインド クロウ","1","9","0","4000000"
"162","ブラインド クロウ","1","10","0","9500000"
"162","ブラインド クロウ","1","11","0","25000000"
"164","ダークネス クロウ","0","0","0","3000000"
"164","ダークネス クロウ","0","1","0","3000000"
"164","ダークネス クロウ","0","2","0","3000000"
"164","ダークネス クロウ","0","3","0","3000000"
"164","ダークネス クロウ","0","4","0","3000000"
"164","ダークネス クロウ","0","5","0","3000000"
"164","ダークネス クロウ","0","6","0","3000000"
"164","ダークネス クロウ","0","7","0","3000000"
"164","ダークネス クロウ","0","8","0","18000000"
"164","ダークネス クロウ","0","9","0","28000000"
"164","ダークネス クロウ","0","10","0","58000000"
"164","ダークネス クロウ","0","11","0","68000000"
"164","ダークネス クロウ","0","12","0","78000000"
"164","ダークネス クロウ","1","0","0","3000000"
"164","ダークネス クロウ","1","1","0","3000000"
"164","ダークネス クロウ","1","2","0","3000000"
"164","ダークネス クロウ","1","3","0","3000000"
"164","ダークネス クロウ","1","4","0","3000000"
"164","ダークネス クロウ","1","5","0","3000000"
"164","ダークネス クロウ","1","6","0","3000000"
"164","ダークネス クロウ","1","7","0","3000000"
"164","ダークネス クロウ","1","8","0","18000000"
"164","ダークネス クロウ","1","9","0","28000000"
"164","ダークネス クロウ","1","10","0","58000000"
"164","ダークネス クロウ","1","11","0","68000000"
"164","ダークネス クロウ","1","12","0","78000000"
"177","ブラインド クロスボウ","0","0","0","14000"
"177","ブラインド クロスボウ","0","1","0","15000"
"177","ブラインド クロスボウ","0","2","0","16000"
"177","ブラインド クロスボウ","0","3","0","17000"
"177","ブラインド クロスボウ","0","4","0","18000"
"177","ブラインド クロスボウ","0","5","0","19000"
"177","ブラインド クロスボウ","0","6","0","20000"
"177","ブラインド クロスボウ","0","7","0","80000"
"177","ブラインド クロスボウ","0","8","0","250000"
"177","ブラインド クロスボウ","0","9","0","400000"
"177","ブラインド クロスボウ","0","10","0","950000"
"177","ブラインド クロスボウ","0","11","0","2500000"
"177","ブラインド クロスボウ","1","0","0","14000"
"177","ブラインド クロスボウ","1","1","0","15000"
"177","ブラインド クロスボウ","1","2","0","16000"
"177","ブラインド クロスボウ","1","3","0","17000"
"177","ブラインド クロスボウ","1","4","0","18000"
"177","ブラインド クロスボウ","1","5","0","19000"
"177","ブラインド クロスボウ","1","6","0","20000"
"177","ブラインド クロスボウ","1","7","0","80000"
"177","ブラインド クロスボウ","1","8","0","250000"
"177","ブラインド クロスボウ","1","9","0","400000"
"177","ブラインド クロスボウ","1","10","0","950000"
"177","ブラインド クロスボウ","1","11","0","2500000"
"180","クロスボウ","0","6","0","28000"
"180","クロスボウ","0","9","0","320000"
"180","クロスボウ","1","6","0","28000"
"180","クロスボウ","1","9","0","320000"
"189","ダークネス クロスボウ","0","0","0","300000"
"189","ダークネス クロスボウ","0","1","0","300000"
"189","ダークネス クロスボウ","0","2","0","300000"
"189","ダークネス クロスボウ","0","3","0","300000"
"189","ダークネス クロスボウ","0","4","0","300000"
"189","ダークネス クロスボウ","0","5","0","300000"
"189","ダークネス クロスボウ","0","6","0","300000"
"189","ダークネス クロスボウ","0","7","0","300000"
"189","ダークネス クロスボウ","0","8","0","1800000"
"189","ダークネス クロスボウ","0","9","0","2800000"
"189","ダークネス クロスボウ","0","10","0","18000000"
"189","ダークネス クロスボウ","0","11","0","35000000"
"189","ダークネス クロスボウ","0","12","0","68000000"
"189","ダークネス クロスボウ","1","0","0","300000"
"189","ダークネス クロスボウ","1","1","0","300000"
"189","ダークネス クロスボウ","1","2","0","300000"
"189","ダークネス クロスボウ","1","3","0","300000"
"189","ダークネス クロスボウ","1","4","0","300000"
"189","ダークネス クロスボウ","1","5","0","300000"
"189","ダークネス クロスボウ","1","6","0","300000"
"189","ダークネス クロスボウ","1","7","0","300000"
"189","ダークネス クロスボウ","1","8","0","1800000"
"189","ダークネス クロスボウ","1","9","0","2800000"
"189","ダークネス クロスボウ","1","10","0","18000000"
"189","ダークネス クロスボウ","1","11","0","35000000"
"189","ダークネス クロスボウ","1","12","0","68000000"
"190","サイハの弓","0","0","0","2000000"
"190","サイハの弓","0","1","0","2000000"
"190","サイハの弓","0","2","0","2000000"
"190","サイハの弓","0","3","0","2000000"
"190","サイハの弓","0","4","0","2000000"
"190","サイハの弓","0","5","0","2000000"
"190","サイハの弓","0","6","0","2000000"
"190","サイハの弓","0","7","0","2000000"
"190","サイハの弓","1","0","0","2000000"
"190","サイハの弓","1","1","0","2000000"
"190","サイハの弓","1","2","0","2000000"
"190","サイハの弓","1","3","0","2000000"
"190","サイハの弓","1","4","0","2000000"
"190","サイハの弓","1","5","0","2000000"
"190","サイハの弓","1","6","0","2000000"
"190","サイハの弓","1","7","0","2000000"
"191","エンジェル スレイヤー","0","0","0","8500000"
"191","エンジェル スレイヤー","0","1","0","8500000"
"191","エンジェル スレイヤー","0","2","0","8500000"
"191","エンジェル スレイヤー","0","3","0","8500000"
"191","エンジェル スレイヤー","0","4","0","8500000"
"191","エンジェル スレイヤー","0","5","0","8500000"
"191","エンジェル スレイヤー","0","6","0","8500000"
"191","エンジェル スレイヤー","0","7","0","8500000"
"191","エンジェル スレイヤー","0","8","0","25000000"
"191","エンジェル スレイヤー","0","9","0","58000000"
"191","エンジェル スレイヤー","0","10","0","110000000"
"191","エンジェル スレイヤー","0","11","0","190000000"
"191","エンジェル スレイヤー","1","0","0","8500000"
"191","エンジェル スレイヤー","1","1","0","8500000"
"191","エンジェル スレイヤー","1","2","0","8500000"
"191","エンジェル スレイヤー","1","3","0","8500000"
"191","エンジェル スレイヤー","1","4","0","8500000"
"191","エンジェル スレイヤー","1","5","0","8500000"
"191","エンジェル スレイヤー","1","6","0","8500000"
"191","エンジェル スレイヤー","1","7","0","8500000"
"191","エンジェル スレイヤー","1","8","0","25000000"
"191","エンジェル スレイヤー","1","9","0","58000000"
"191","エンジェル スレイヤー","1","10","0","110000000"
"191","エンジェル スレイヤー","1","11","0","190000000"
"205","ルナ ロング ボウ","0","0","0","3000000"
"205","ルナ ロング ボウ","0","1","0","3000000"
"205","ルナ ロング ボウ","0","2","0","3000000"
"205","ルナ ロング ボウ","0","3","0","3000000"
"205","ルナ ロング ボウ","0","4","0","3000000"
"205","ルナ ロング ボウ","0","5","0","3000000"
"205","ルナ ロング ボウ","0","6","0","3000000"
"205","ルナ ロング ボウ","0","7","0","3000000"
"205","ルナ ロング ボウ","0","8","0","18000000"
"205","ルナ ロング ボウ","0","9","0","38000000"
"205","ルナ ロング ボウ","0","10","0","70000000"
"205","ルナ ロング ボウ","0","11","0","125000000"
"205","ルナ ロング ボウ","0","12","0","190000000"
"205","ルナ ロング ボウ","1","0","0","3000000"
"205","ルナ ロング ボウ","1","1","0","3000000"
"205","ルナ ロング ボウ","1","2","0","3000000"
"205","ルナ ロング ボウ","1","3","0","3000000"
"205","ルナ ロング ボウ","1","4","0","3000000"
"205","ルナ ロング ボウ","1","5","0","3000000"
"205","ルナ ロング ボウ","1","6","0","3000000"
"205","ルナ ロング ボウ","1","7","0","3000000"
"205","ルナ ロング ボウ","1","8","0","18000000"
"205","ルナ ロング ボウ","1","9","0","38000000"
"205","ルナ ロング ボウ","1","10","0","70000000"
"205","ルナ ロング ボウ","1","11","0","125000000"
"205","ルナ ロング ボウ","1","12","0","190000000"
"512","蒼天のダガー","0","0","0","55000"
"512","蒼天のダガー","0","1","0","55000"
"512","蒼天のダガー","0","2","0","55000"
"512","蒼天のダガー","0","3","0","55000"
"512","蒼天のダガー","0","4","0","55000"
"512","蒼天のダガー","0","5","0","55000"
"512","蒼天のダガー","0","6","0","55000"
"512","蒼天のダガー","0","7","0","55000"
"512","蒼天のダガー","0","8","0","70000"
"512","蒼天のダガー","0","9","0","2800000"
"512","蒼天のダガー","0","10","0","18000000"
"512","蒼天のダガー","0","11","0","35000000"
"512","蒼天のダガー","0","12","0","68000000"
"512","蒼天のダガー","1","0","0","55000"
"512","蒼天のダガー","1","1","0","55000"
"512","蒼天のダガー","1","2","0","55000"
"512","蒼天のダガー","1","3","0","55000"
"512","蒼天のダガー","1","4","0","55000"
"512","蒼天のダガー","1","5","0","55000"
"512","蒼天のダガー","1","6","0","55000"
"512","蒼天のダガー","1","7","0","55000"
"512","蒼天のダガー","1","8","0","70000"
"512","蒼天のダガー","1","9","0","2800000"
"512","蒼天のダガー","1","10","0","18000000"
"512","蒼天のダガー","1","11","0","35000000"
"512","蒼天のダガー","1","12","0","68000000"
"513","蒼天のグレートソード","0","0","0","55000"
"513","蒼天のグレートソード","0","1","0","55000"
"513","蒼天のグレートソード","0","2","0","550000"
"513","蒼天のグレートソード","0","3","0","550000"
"513","蒼天のグレートソード","0","4","0","550000"
"513","蒼天のグレートソード","0","5","0","550000"
"513","蒼天のグレートソード","0","6","0","550000"
"513","蒼天のグレートソード","0","7","0","550000"
"513","蒼天のグレートソード","0","8","0","700000"
"513","蒼天のグレートソード","0","9","0","28000000"
"513","蒼天のグレートソード","0","10","0","180000000"
"513","蒼天のグレートソード","0","11","0","350000000"
"513","蒼天のグレートソード","0","12","0","680000000"
"513","蒼天のグレートソード","1","0","0","550000"
"513","蒼天のグレートソード","1","1","0","550000"
"513","蒼天のグレートソード","1","2","0","550000"
"513","蒼天のグレートソード","1","3","0","550000"
"513","蒼天のグレートソード","1","4","0","550000"
"513","蒼天のグレートソード","1","5","0","550000"
"513","蒼天のグレートソード","1","6","0","550000"
"513","蒼天のグレートソード","1","7","0","550000"
"513","蒼天のグレートソード","1","8","0","700000"
"513","蒼天のグレートソード","1","9","0","28000000"
"513","蒼天のグレートソード","1","10","0","180000000"
"513","蒼天のグレートソード","1","11","0","350000000"
"513","蒼天のグレートソード","1","12","0","680000000"
"514","蒼天のグレートソード","0","0","0","550000"
"514","蒼天のグレートソード","0","1","0","550000"
"514","蒼天のグレートソード","0","2","0","550000"
"514","蒼天のグレートソード","0","3","0","550000"
"514","蒼天のグレートソード","0","4","0","550000"
"514","蒼天のグレートソード","0","5","0","550000"
"514","蒼天のグレートソード","0","6","0","550000"
"514","蒼天のグレートソード","0","7","0","550000"
"514","蒼天のグレートソード","0","8","0","18000000"
"514","蒼天のグレートソード","0","9","0","28000000"
"514","蒼天のグレートソード","0","10","0","180000000"
"514","蒼天のグレートソード","0","11","0","350000000"
"514","蒼天のグレートソード","0","12","0","680000000"
"514","蒼天のグレートソード","1","0","0","550000"
"514","蒼天のグレートソード","1","1","0","550000"
"514","蒼天のグレートソード","1","2","0","550000"
"514","蒼天のグレートソード","1","3","0","550000"
"514","蒼天のグレートソード","1","4","0","550000"
"514","蒼天のグレートソード","1","5","0","550000"
"514","蒼天のグレートソード","1","6","0","550000"
"514","蒼天のグレートソード","1","7","0","550000"
"514","蒼天のグレートソード","1","8","0","18000000"
"514","蒼天のグレートソード","1","9","0","28000000"
"514","蒼天のグレートソード","1","10","0","180000000"
"514","蒼天のグレートソード","1","11","0","350000000"
"514","蒼天のグレートソード","1","12","0","680000000"
"515","蒼天のグレートソード","0","0","0","550000"
"515","蒼天のグレートソード","0","1","0","550000"
"515","蒼天のグレートソード","0","2","0","550000"
"515","蒼天のグレートソード","0","3","0","550000"
"515","蒼天のグレートソード","0","4","0","550000"
"515","蒼天のグレートソード","0","5","0","550000"
"515","蒼天のグレートソード","0","6","0","550000"
"515","蒼天のグレートソード","0","7","0","550000"
"515","蒼天のグレートソード","0","8","0","18000000"
"515","蒼天のグレートソード","0","9","0","28000000"
"515","蒼天のグレートソード","0","10","0","180000000"
"515","蒼天のグレートソード","0","11","0","350000000"
"515","蒼天のグレートソード","0","12","0","680000000"
"515","蒼天のグレートソード","1","0","0","550000"
"515","蒼天のグレートソード","1","1","0","550000"
"515","蒼天のグレートソード","1","2","0","550000"
"515","蒼天のグレートソード","1","3","0","550000"
"515","蒼天のグレートソード","1","4","0","550000"
"515","蒼天のグレートソード","1","5","0","550000"
"515","蒼天のグレートソード","1","6","0","550000"
"515","蒼天のグレートソード","1","7","0","550000"
"515","蒼天のグレートソード","1","8","0","18000000"
"515","蒼天のグレートソード","1","9","0","28000000"
"515","蒼天のグレートソード","1","10","0","180000000"
"515","蒼天のグレートソード","1","11","0","350000000"
"515","蒼天のグレートソード","1","12","0","680000000"
"20011","マジック ヘルム ","0","0","0","200"
"20011","マジック ヘルム ","0","1","0","2000"
"20011","マジック ヘルム ","0","2","0","3000"
"20011","マジック ヘルム ","0","3","0","20000"
"20011","マジック ヘルム ","0","4","0","20000"
"20011","マジック ヘルム ","0","5","0","250000"
"20011","マジック ヘルム ","0","6","0","800000"
"20011","マジック ヘルム ","0","7","0","2500000"
"20011","マジック ヘルム ","0","8","0","9500000"
"20011","マジック ヘルム ","0","9","0","25000000"
"20011","マジック ヘルム ","0","10","0","57000000"
"20011","マジック ヘルム ","0","11","0","250000000"
"20011","マジック ヘルム ","1","0","0","200"
"20011","マジック ヘルム ","1","1","0","2000"
"20011","マジック ヘルム ","1","2","0","30000"
"20011","マジック ヘルム ","1","3","0","20000"
"20011","マジック ヘルム ","1","4","0","20000"
"20011","マジック ヘルム ","1","5","0","250000"
"20011","マジック ヘルム ","1","6","0","800000"
"20011","マジック ヘルム ","1","7","0","2500000"
"20011","マジック ヘルム ","1","8","0","9500000"
"20011","マジック ヘルム ","1","9","0","25000000"
"20011","マジック ヘルム ","1","10","0","57000000"
"20011","マジック ヘルム ","1","11","0","250000000"
"20020","ジェネラル ヘルム ","0","0","0","50000"
"20020","ジェネラル ヘルム ","0","1","0","60000"
"20020","ジェネラル ヘルム ","0","2","0","70000"
"20020","ジェネラル ヘルム ","0","3","0","80000"
"20020","ジェネラル ヘルム ","0","4","0","90000"
"20020","ジェネラル ヘルム ","0","5","0","100000"
"20020","ジェネラル ヘルム ","0","6","0","110000"
"20020","ジェネラル ヘルム ","0","7","0","500000"
"20020","ジェネラル ヘルム ","0","8","0","1100000"
"20020","ジェネラル ヘルム ","0","9","0","2500000"
"20020","ジェネラル ヘルム ","0","10","0","4500000"
"20020","ジェネラル ヘルム ","1","0","0","50000"
"20020","ジェネラル ヘルム ","1","1","0","60000"
"20020","ジェネラル ヘルム ","1","2","0","70000"
"20020","ジェネラル ヘルム ","1","3","0","80000"
"20020","ジェネラル ヘルム ","1","4","0","90000"
"20020","ジェネラル ヘルム ","1","5","0","100000"
"20020","ジェネラル ヘルム ","1","6","0","110000"
"20020","ジェネラル ヘルム ","1","7","0","500000"
"20020","ジェネラル ヘルム ","1","8","0","1100000"
"20020","ジェネラル ヘルム ","1","9","0","2500000"
"20020","ジェネラル ヘルム ","1","10","0","4500000"
"20030","ビショップ サークレット ","0","0","0","50000"
"20030","ビショップ サークレット ","0","1","0","60000"
"20030","ビショップ サークレット ","0","2","0","70000"
"20030","ビショップ サークレット ","0","3","0","80000"
"20030","ビショップ サークレット ","0","4","0","90000"
"20030","ビショップ サークレット ","0","5","0","100000"
"20030","ビショップ サークレット ","0","6","0","110000"
"20030","ビショップ サークレット ","0","7","0","500000"
"20030","ビショップ サークレット ","0","8","0","1100000"
"20030","ビショップ サークレット ","0","9","0","2500000"
"20030","ビショップ サークレット ","0","10","0","4500000"
"20030","ビショップ サークレット ","1","0","0","50000"
"20030","ビショップ サークレット ","1","1","0","60000"
"20030","ビショップ サークレット ","1","2","0","70000"
"20030","ビショップ サークレット ","1","3","0","80000"
"20030","ビショップ サークレット ","1","4","0","90000"
"20030","ビショップ サークレット ","1","5","0","100000"
"20030","ビショップ サークレット ","1","6","0","110000"
"20030","ビショップ サークレット ","1","7","0","500000"
"20030","ビショップ サークレット ","1","8","0","1100000"
"20030","ビショップ サークレット ","1","9","0","2500000"
"20030","ビショップ サークレット ","1","10","0","4500000"
"20033","ブレス オブ エルム ","0","0","0","30000"
"20033","ブレス オブ エルム ","0","1","0","30000"
"20033","ブレス オブ エルム ","0","2","0","30000"
"20033","ブレス オブ エルム ","0","3","0","30000"
"20033","ブレス オブ エルム ","0","4","0","30000"
"20033","ブレス オブ エルム ","0","5","0","30000"
"20033","ブレス オブ エルム ","0","6","0","30000"
"20033","ブレス オブ エルム ","0","7","0","200000"
"20033","ブレス オブ エルム ","0","8","0","600000"
"20033","ブレス オブ エルム ","0","9","0","2000000"
"20033","ブレス オブ エルム ","0","10","0","20000000"
"20033","ブレス オブ エルム ","0","11","0","100000000"
"20033","ブレス オブ エルム ","1","1","0","30000"
"20033","ブレス オブ エルム ","1","2","0","30000"
"20033","ブレス オブ エルム ","1","3","0","30000"
"20033","ブレス オブ エルム ","1","4","0","30000"
"20033","ブレス オブ エルム ","1","5","0","30000"
"20033","ブレス オブ エルム ","1","6","0","30000"
"20033","ブレス オブ エルム ","1","7","0","200000"
"20033","ブレス オブ エルム ","1","8","0","600000"
"20033","ブレス オブ エルム ","1","9","0","2000000"
"20033","ブレス オブ エルム ","1","10","0","20000000"
"20033","ブレス オブ エルム ","1","11","0","100000000"
"20048","混沌のヘルム ","0","0","0","15000000"
"20048","混沌のヘルム ","0","1","0","25000000"
"20048","混沌のヘルム ","0","2","0","75000000"
"20048","混沌のヘルム ","0","3","0","150000000"
"20048","混沌のヘルム ","0","4","0","450000000"
"20048","混沌のヘルム ","0","5","0","800000000"
"20048","混沌のヘルム ","1","0","0","30000"
"20048","混沌のヘルム ","1","1","0","30000"
"20048","混沌のヘルム ","1","2","0","30000"
"20048","混沌のヘルム ","1","3","0","30000"
"20048","混沌のヘルム ","1","4","0","30000"
"20048","混沌のヘルム ","1","5","0","30000"
"20049","アントクイーン ゴールデンウィング ","0","0","0","15000000"
"20049","アントクイーン ゴールデンウィング ","0","1","0","15000000"
"20049","アントクイーン ゴールデンウィング ","0","2","0","15000000"
"20049","アントクイーン ゴールデンウィング ","0","3","0","15000000"
"20049","アントクイーン ゴールデンウィング ","0","4","0","15000000"
"20049","アントクイーン ゴールデンウィング ","0","5","0","28000000"
"20049","アントクイーン ゴールデンウィング ","0","6","0","42000000"
"20049","アントクイーン ゴールデンウィング ","0","7","0","85000000"
"20049","アントクイーン ゴールデンウィング ","0","8","0","210000000"
"20049","アントクイーン ゴールデンウィング ","0","9","0","450000000"
"20049","アントクイーン ゴールデンウィング ","0","10","0","900000000"
"20049","アントクイーン ゴールデンウィング ","0","11","0","1700000000"
"20049","アントクイーン ゴールデンウィング ","1","0","0","15000000"
"20049","アントクイーン ゴールデンウィング ","1","1","0","15000000"
"20049","アントクイーン ゴールデンウィング ","1","2","0","15000000"
"20049","アントクイーン ゴールデンウィング ","1","3","0","15000000"
"20049","アントクイーン ゴールデンウィング ","1","4","0","15000000"
"20049","アントクイーン ゴールデンウィング ","1","5","0","28000000"
"20049","アントクイーン ゴールデンウィング ","1","6","0","42000000"
"20049","アントクイーン ゴールデンウィング ","1","7","0","85000000"
"20049","アントクイーン ゴールデンウィング ","1","8","0","210000000"
"20049","アントクイーン ゴールデンウィング ","1","9","0","450000000"
"20049","アントクイーン ゴールデンウィング ","1","10","0","900000000"
"20049","アントクイーン ゴールデンウィング ","1","11","0","1700000000"
"20050","アントクイーン シルバーウィング ","0","0","0","15000000"
"20050","アントクイーン シルバーウィング ","0","1","0","15000000"
"20050","アントクイーン シルバーウィング ","0","2","0","15000000"
"20050","アントクイーン シルバーウィング ","0","3","0","15000000"
"20050","アントクイーン シルバーウィング ","0","4","0","15000000"
"20050","アントクイーン シルバーウィング ","0","5","0","28000000"
"20050","アントクイーン シルバーウィング ","0","6","0","42000000"
"20050","アントクイーン シルバーウィング ","0","7","0","85000000"
"20050","アントクイーン シルバーウィング ","0","8","0","210000000"
"20050","アントクイーン シルバーウィング ","0","9","0","450000000"
"20050","アントクイーン シルバーウィング ","0","10","0","900000000"
"20050","アントクイーン シルバーウィング ","0","11","0","1700000000"
"20050","アントクイーン シルバーウィング ","1","0","0","15000000"
"20050","アントクイーン シルバーウィング ","1","1","0","15000000"
"20050","アントクイーン シルバーウィング ","1","2","0","15000000"
"20050","アントクイーン シルバーウィング ","1","3","0","15000000"
"20050","アントクイーン シルバーウィング ","1","4","0","15000000"
"20050","アントクイーン シルバーウィング ","1","5","0","28000000"
"20050","アントクイーン シルバーウィング ","1","6","0","42000000"
"20050","アントクイーン シルバーウィング ","1","7","0","85000000"
"20050","アントクイーン シルバーウィング ","1","8","0","210000000"
"20050","アントクイーン シルバーウィング ","1","9","0","450000000"
"20050","アントクイーン シルバーウィング ","1","10","0","900000000"
"20050","アントクイーン シルバーウィング ","1","11","0","1700000000"
"20056","マジック クローク ","0","0","0","500"
"20056","マジック クローク ","0","1","0","10000"
"20056","マジック クローク ","0","2","0","20000"
"20056","マジック クローク ","0","3","0","20000"
"20056","マジック クローク ","0","4","0","20000"
"20056","マジック クローク ","0","5","0","250000"
"20056","マジック クローク ","0","6","0","800000"
"20056","マジック クローク ","0","7","0","2500000"
"20056","マジック クローク ","0","8","0","9500000"
"20056","マジック クローク ","0","9","0","25000000"
"20056","マジック クローク ","0","10","0","57000000"
"20056","マジック クローク ","0","11","0","250000000"
"20056","マジック クローク ","1","0","0","500"
"20056","マジック クローク ","1","1","0","10000"
"20056","マジック クローク ","1","2","0","20000"
"20056","マジック クローク ","1","3","0","20000"
"20056","マジック クローク ","1","4","0","20000"
"20056","マジック クローク ","1","5","0","250000"
"20056","マジック クローク ","1","6","0","800000"
"20056","マジック クローク ","1","7","0","2500000"
"20056","マジック クローク ","1","8","0","9500000"
"20056","マジック クローク ","1","9","0","25000000"
"20056","マジック クローク ","1","10","0","57000000"
"20056","マジック クローク ","1","11","0","250000000"
"20058","ジェネラル マント ","0","0","0","50000"
"20058","ジェネラル マント ","0","1","0","60000"
"20058","ジェネラル マント ","0","2","0","70000"
"20058","ジェネラル マント ","0","3","0","80000"
"20058","ジェネラル マント ","0","4","0","90000"
"20058","ジェネラル マント ","0","5","0","100000"
"20058","ジェネラル マント ","0","6","0","110000"
"20058","ジェネラル マント ","0","7","0","500000"
"20058","ジェネラル マント ","0","8","0","1100000"
"20058","ジェネラル マント ","0","9","0","2500000"
"20058","ジェネラル マント ","0","10","0","4500000"
"20058","ジェネラル マント ","1","0","0","50000"
"20058","ジェネラル マント ","1","1","0","60000"
"20058","ジェネラル マント ","1","2","0","70000"
"20058","ジェネラル マント ","1","3","0","80000"
"20058","ジェネラル マント ","1","4","0","90000"
"20058","ジェネラル マント ","1","5","0","100000"
"20058","ジェネラル マント ","1","6","0","110000"
"20058","ジェネラル マント ","1","7","0","500000"
"20058","ジェネラル マント ","1","8","0","1100000"
"20058","ジェネラル マント ","1","9","0","2500000"
"20058","ジェネラル マント ","1","10","0","4500000"
"20074","神聖な保護マント","0","0","0","1100000"
"20074","神聖な保護マント","0","1","0","1100000"
"20074","神聖な保護マント","0","2","0","1100000"
"20074","神聖な保護マント","0","3","0","1100000"
"20074","神聖な保護マント","0","4","0","1100000"
"20074","神聖な保護マント","0","5","0","2500000"
"20074","神聖な保護マント","0","6","0","8900000"
"20074","神聖な保護マント","0","7","0","21000000"
"20074","神聖な保護マント","0","8","0","45000000"
"20074","神聖な保護マント","0","9","0","120000000"
"20074","神聖な保護マント","0","10","0","350000000"
"20074","神聖な保護マント","0","11","0","800000000"
"20074","神聖な保護マント","1","0","0","1100000"
"20074","神聖な保護マント","1","1","0","1100000"
"20074","神聖な保護マント","1","2","0","1100000"
"20074","神聖な保護マント","1","3","0","1100000"
"20074","神聖な保護マント","1","4","0","1100000"
"20074","神聖な保護マント","1","5","0","2500000"
"20074","神聖な保護マント","1","6","0","8900000"
"20074","神聖な保護マント","1","7","0","21000000"
"20074","神聖な保護マント","1","8","0","45000000"
"20074","神聖な保護マント","1","9","0","120000000"
"20074","神聖な保護マント","1","10","0","350000000"
"20074","神聖な保護マント","1","11","0","800000000"
"20075","死のマント ","0","0","0","15000000"
"20075","死のマント ","0","1","0","25000000"
"20075","死のマント ","0","2","0","75000000"
"20075","死のマント ","0","3","0","150000000"
"20075","死のマント ","0","4","0","450000000"
"20075","死のマント ","0","5","0","800000000"
"20075","死のマント ","1","0","0","15000000"
"20075","死のマント ","1","1","0","25000000"
"20075","死のマント ","1","2","0","75000000"
"20075","死のマント ","1","3","0","150000000"
"20075","死のマント ","1","4","0","450000000"
"20075","死のマント ","1","5","0","800000000"
"20076","堕落のマント ","0","0","0","11000000"
"20076","堕落のマント ","0","1","0","11000000"
"20076","堕落のマント ","0","2","0","11000000"
"20076","堕落のマント ","0","3","0","11000000"
"20076","堕落のマント ","0","4","0","11000000"
"20076","堕落のマント ","0","5","0","25000000"
"20076","堕落のマント ","0","6","0","89000000"
"20076","堕落のマント ","0","7","0","210000000"
"20076","堕落のマント ","0","8","0","450000000"
"20076","堕落のマント ","0","9","0","1200000000"
"20076","堕落のマント ","1","0","0","11000000"
"20076","堕落のマント ","1","1","0","11000000"
"20076","堕落のマント ","1","2","0","11000000"
"20076","堕落のマント ","1","3","0","11000000"
"20076","堕落のマント ","1","4","0","11000000"
"20076","堕落のマント ","1","5","0","25000000"
"20076","堕落のマント ","1","6","0","89000000"
"20076","堕落のマント ","1","7","0","210000000"
"20076","堕落のマント ","1","8","0","450000000"
"20076","堕落のマント ","1","9","0","1200000000"
"20077","インビジビリティ クローク ","0","0","0","75000000"
"20077","インビジビリティ クローク ","0","1","0","75000000"
"20077","インビジビリティ クローク ","0","2","0","75000000"
"20077","インビジビリティ クローク ","0","3","0","75000000"
"20077","インビジビリティ クローク ","0","4","0","75000000"
"20077","インビジビリティ クローク ","0","5","0","75000000"
"20077","インビジビリティ クローク ","1","0","0","75000000"
"20077","インビジビリティ クローク ","1","1","0","75000000"
"20077","インビジビリティ クローク ","1","2","0","75000000"
"20077","インビジビリティ クローク ","1","3","0","75000000"
"20077","インビジビリティ クローク ","1","4","0","75000000"
"20077","インビジビリティ クローク ","1","5","0","75000000"
"20078","混沌のマント ","0","0","0","15000000"
"20078","混沌のマント ","0","1","0","25000000"
"20078","混沌のマント ","0","2","0","75000000"
"20078","混沌のマント ","0","3","0","150000000"
"20078","混沌のマント ","0","4","0","450000000"
"20078","混沌のマント ","0","5","0","800000000"
"20078","混沌のマント ","1","0","0","15000000"
"20078","混沌のマント ","1","1","0","25000000"
"20078","混沌のマント ","1","2","0","75000000"
"20078","混沌のマント ","1","3","0","150000000"
"20078","混沌のマント ","1","4","0","450000000"
"20078","混沌のマント ","1","5","0","800000000"
"20085","Tシャツ ","0","0","0","5000"
"20085","Tシャツ ","0","1","0","15000"
"20085","Tシャツ ","0","2","0","25000"
"20085","Tシャツ ","0","3","0","35000"
"20085","Tシャツ ","0","4","0","45000"
"20085","Tシャツ ","0","5","0","350000"
"20085","Tシャツ ","0","6","0","1000000"
"20085","Tシャツ ","0","7","0","2500000"
"20085","Tシャツ ","0","8","0","6000000"
"20085","Tシャツ ","0","9","0","15000000"
"20085","Tシャツ ","0","10","0","35000000"
"20085","Tシャツ ","1","0","0","5000"
"20085","Tシャツ ","1","1","0","15000"
"20085","Tシャツ ","1","2","0","25000"
"20085","Tシャツ ","1","3","0","35000"
"20085","Tシャツ ","1","4","0","45000"
"20085","Tシャツ ","1","5","0","350000"
"20085","Tシャツ ","1","6","0","1000000"
"20085","Tシャツ ","1","7","0","2500000"
"20085","Tシャツ ","1","8","0","6000000"
"20085","Tシャツ ","1","9","0","15000000"
"20085","Tシャツ ","1","10","0","35000000"
"20092","エンシェント レザー アーマー ","0","0","0","1500000"
"20092","エンシェント レザー アーマー ","1","0","0","1500000"
"20093","エンシェント ローブ ","0","0","0","1500000"
"20093","エンシェント ローブ ","1","0","0","1500000"
"20094","エンシェント スケイル メイル ","0","0","0","1500000"
"20094","エンシェント スケイル メイル ","1","0","0","1500000"
"20095","エンシェント プレート メイル ","0","0","0","1500000"
"20095","エンシェント プレート メイル ","1","0","0","1500000"
"20113","ジェネラル アーマー ","0","0","0","50000"
"20113","ジェネラル アーマー ","0","1","0","60000"
"20113","ジェネラル アーマー ","0","2","0","70000"
"20113","ジェネラル アーマー ","0","3","0","80000"
"20113","ジェネラル アーマー ","0","4","0","90000"
"20113","ジェネラル アーマー ","0","5","0","100000"
"20113","ジェネラル アーマー ","0","6","0","110000"
"20113","ジェネラル アーマー ","0","7","0","500000"
"20113","ジェネラル アーマー ","0","8","0","1100000"
"20113","ジェネラル アーマー ","0","9","0","2500000"
"20113","ジェネラル アーマー ","0","10","0","4500000"
"20113","ジェネラル アーマー ","1","0","0","50000"
"20113","ジェネラル アーマー ","1","1","0","60000"
"20113","ジェネラル アーマー ","1","2","0","70000"
"20113","ジェネラル アーマー ","1","3","0","80000"
"20113","ジェネラル アーマー ","1","4","0","90000"
"20113","ジェネラル アーマー ","1","5","0","100000"
"20113","ジェネラル アーマー ","1","6","0","110000"
"20113","ジェネラル アーマー ","1","7","0","500000"
"20113","ジェネラル アーマー ","1","8","0","1100000"
"20113","ジェネラル アーマー ","1","9","0","2500000"
"20113","ジェネラル アーマー ","1","10","0","4500000"
"20129","ビショップ ローブ ","0","0","0","50000"
"20129","ビショップ ローブ ","0","1","0","60000"
"20129","ビショップ ローブ ","0","2","0","70000"
"20129","ビショップ ローブ ","0","3","0","80000"
"20129","ビショップ ローブ ","0","4","0","90000"
"20129","ビショップ ローブ ","0","5","0","100000"
"20129","ビショップ ローブ ","0","6","0","110000"
"20129","ビショップ ローブ ","0","7","0","500000"
"20129","ビショップ ローブ ","0","8","0","1100000"
"20129","ビショップ ローブ ","0","9","0","2500000"
"20129","ビショップ ローブ ","0","10","0","4500000"
"20129","ビショップ ローブ ","1","0","0","50000"
"20129","ビショップ ローブ ","1","1","0","60000"
"20129","ビショップ ローブ ","1","2","0","70000"
"20129","ビショップ ローブ ","1","3","0","80000"
"20129","ビショップ ローブ ","1","4","0","90000"
"20129","ビショップ ローブ ","1","5","0","100000"
"20129","ビショップ ローブ ","1","6","0","110000"
"20129","ビショップ ローブ ","1","7","0","500000"
"20129","ビショップ ローブ ","1","8","0","1100000"
"20129","ビショップ ローブ ","1","9","0","2500000"
"20129","ビショップ ローブ ","1","10","0","4500000"
"20163","アイアン グローブ ","0","0","0","50000"
"20163","アイアン グローブ ","0","1","0","60000"
"20163","アイアン グローブ ","0","2","0","70000"
"20163","アイアン グローブ ","0","3","0","80000"
"20163","アイアン グローブ ","0","4","0","90000"
"20163","アイアン グローブ ","0","5","0","400000"
"20163","アイアン グローブ ","0","6","0","900000"
"20163","アイアン グローブ ","0","7","0","2500000"
"20163","アイアン グローブ ","0","8","0","6000000"
"20163","アイアン グローブ ","0","9","0","15000000"
"20163","アイアン グローブ ","0","10","0","35000000"
"20163","アイアン グローブ ","1","1","0","60000"
"20163","アイアン グローブ ","1","2","0","70000"
"20163","アイアン グローブ ","1","3","0","80000"
"20163","アイアン グローブ ","1","4","0","90000"
"20163","アイアン グローブ ","1","5","0","400000"
"20163","アイアン グローブ ","1","6","0","900000"
"20163","アイアン グローブ ","1","7","0","2500000"
"20163","アイアン グローブ ","1","8","0","6000000"
"20163","アイアン グローブ ","1","9","0","15000000"
"20163","アイアン グローブ ","1","10","0","35000000"
"20168","ジェネラル グローブ ","0","0","0","50000"
"20168","ジェネラル グローブ ","0","1","0","60000"
"20168","ジェネラル グローブ ","0","2","0","70000"
"20168","ジェネラル グローブ ","0","3","0","80000"
"20168","ジェネラル グローブ ","0","4","0","90000"
"20168","ジェネラル グローブ ","0","5","0","100000"
"20168","ジェネラル グローブ ","0","6","0","110000"
"20168","ジェネラル グローブ ","0","7","0","500000"
"20168","ジェネラル グローブ ","0","8","0","1100000"
"20168","ジェネラル グローブ ","0","9","0","2500000"
"20168","ジェネラル グローブ ","0","10","0","4500000"
"20168","ジェネラル グローブ ","1","0","0","50000"
"20168","ジェネラル グローブ ","1","1","0","60000"
"20168","ジェネラル グローブ ","1","2","0","70000"
"20168","ジェネラル グローブ ","1","3","0","80000"
"20168","ジェネラル グローブ ","1","4","0","90000"
"20168","ジェネラル グローブ ","1","5","0","100000"
"20168","ジェネラル グローブ ","1","6","0","110000"
"20168","ジェネラル グローブ ","1","7","0","500000"
"20168","ジェネラル グローブ ","1","8","0","1100000"
"20168","ジェネラル グローブ ","1","9","0","2500000"
"20168","ジェネラル グローブ ","1","10","0","4500000"
"20176","ビショップ グローブ ","0","0","0","50000"
"20176","ビショップ グローブ ","0","1","0","60000"
"20176","ビショップ グローブ ","0","2","0","70000"
"20176","ビショップ グローブ ","0","3","0","80000"
"20176","ビショップ グローブ ","0","4","0","90000"
"20176","ビショップ グローブ ","0","5","0","100000"
"20176","ビショップ グローブ ","0","6","0","110000"
"20176","ビショップ グローブ ","0","7","0","500000"
"20176","ビショップ グローブ ","0","8","0","1100000"
"20176","ビショップ グローブ ","0","9","0","2500000"
"20176","ビショップ グローブ ","0","10","0","4500000"
"20176","ビショップ グローブ ","1","0","0","50000"
"20176","ビショップ グローブ ","1","1","0","60000"
"20176","ビショップ グローブ ","1","2","0","70000"
"20176","ビショップ グローブ ","1","3","0","80000"
"20176","ビショップ グローブ ","1","4","0","90000"
"20176","ビショップ グローブ ","1","5","0","100000"
"20176","ビショップ グローブ ","1","6","0","110000"
"20176","ビショップ グローブ ","1","7","0","500000"
"20176","ビショップ グローブ ","1","8","0","1100000"
"20176","ビショップ グローブ ","1","9","0","2500000"
"20176","ビショップ グローブ ","1","10","0","4500000"
"20183","死のグローブ ","0","0","0","15000000"
"20183","死のグローブ ","0","1","0","25000000"
"20183","死のグローブ ","0","2","0","75000000"
"20183","死のグローブ ","0","3","0","150000000"
"20183","死のグローブ ","0","4","0","450000000"
"20183","死のグローブ ","0","5","0","800000000"
"20183","死のグローブ ","1","0","0","15000000"
"20183","死のグローブ ","1","1","0","25000000"
"20183","死のグローブ ","1","2","0","75000000"
"20183","死のグローブ ","1","3","0","150000000"
"20183","死のグローブ ","1","4","0","450000000"
"20183","死のグローブ ","1","5","0","800000000"
"20186","堕落のグローブ ","0","0","0","15000000"
"20186","堕落のグローブ ","0","1","0","15000000"
"20186","堕落のグローブ ","0","2","0","15000000"
"20186","堕落のグローブ ","0","3","0","15000000"
"20186","堕落のグローブ ","0","4","0","15000000"
"20186","堕落のグローブ ","0","5","0","30000000"
"20186","堕落のグローブ ","0","6","0","65000000"
"20186","堕落のグローブ ","0","7","0","100000000"
"20186","堕落のグローブ ","0","8","0","250000000"
"20186","堕落のグローブ ","0","9","0","800000000"
"20186","堕落のグローブ ","0","10","0","1100000000"
"20186","堕落のグローブ ","0","11","0","1900000000"
"20186","堕落のグローブ ","1","0","0","15000000"
"20186","堕落のグローブ ","1","1","0","15000000"
"20186","堕落のグローブ ","1","2","0","15000000"
"20186","堕落のグローブ ","1","3","0","15000000"
"20186","堕落のグローブ ","1","4","0","15000000"
"20186","堕落のグローブ ","1","5","0","30000000"
"20186","堕落のグローブ ","1","6","0","65000000"
"20186","堕落のグローブ ","1","7","0","100000000"
"20186","堕落のグローブ ","1","8","0","250000000"
"20186","堕落のグローブ ","1","9","0","800000000"
"20186","堕落のグローブ ","1","10","0","1100000000"
"20186","堕落のグローブ ","1","11","0","1900000000"
"20187","パワー グローブ ","0","0","0","1000000"
"20187","パワー グローブ ","0","1","0","1000000"
"20187","パワー グローブ ","0","2","0","1000000"
"20187","パワー グローブ ","0","3","0","1000000"
"20187","パワー グローブ ","0","4","0","1000000"
"20187","パワー グローブ ","0","5","0","1500000"
"20187","パワー グローブ ","0","6","0","1900000"
"20187","パワー グローブ ","0","7","0","8000000"
"20187","パワー グローブ ","0","8","0","25000000"
"20187","パワー グローブ ","0","9","0","120000000"
"20187","パワー グローブ ","0","10","0","250000000"
"20187","パワー グローブ ","0","11","0","600000000"
"20187","パワー グローブ ","1","0","0","1000000"
"20187","パワー グローブ ","1","1","0","1000000"
"20187","パワー グローブ ","1","2","0","1000000"
"20187","パワー グローブ ","1","3","0","1000000"
"20187","パワー グローブ ","1","4","0","1000000"
"20187","パワー グローブ ","1","5","0","1500000"
"20187","パワー グローブ ","1","6","0","1900000"
"20187","パワー グローブ ","1","7","0","8000000"
"20187","パワー グローブ ","1","8","0","25000000"
"20187","パワー グローブ ","1","9","0","120000000"
"20187","パワー グローブ ","1","10","0","250000000"
"20187","パワー グローブ ","1","11","0","600000000"
"20190","混沌のグローブ ","0","0","0","15000000"
"20190","混沌のグローブ ","0","1","0","25000000"
"20190","混沌のグローブ ","0","2","0","75000000"
"20190","混沌のグローブ ","0","3","0","150000000"
"20190","混沌のグローブ ","0","4","0","450000000"
"20190","混沌のグローブ ","0","5","0","800000000"
"20190","混沌のグローブ ","1","0","0","15000000"
"20190","混沌のグローブ ","1","1","0","25000000"
"20190","混沌のグローブ ","1","2","0","75000000"
"20190","混沌のグローブ ","1","3","0","150000000"
"20190","混沌のグローブ ","1","4","0","450000000"
"20190","混沌のグローブ ","1","5","0","800000000"
"20194","アイアン ブーツ ","0","0","0","30000"
"20194","アイアン ブーツ ","0","1","0","40000"
"20194","アイアン ブーツ ","0","2","0","50000"
"20194","アイアン ブーツ ","0","3","0","60000"
"20194","アイアン ブーツ ","0","4","0","70000"
"20194","アイアン ブーツ ","0","5","0","400000"
"20194","アイアン ブーツ ","0","6","0","900000"
"20194","アイアン ブーツ ","0","7","0","2500000"
"20194","アイアン ブーツ ","0","8","0","6000000"
"20194","アイアン ブーツ ","0","9","0","15000000"
"20194","アイアン ブーツ ","0","10","0","35000000"
"20194","アイアン ブーツ ","1","0","0","30000"
"20194","アイアン ブーツ ","1","1","0","40000"
"20194","アイアン ブーツ ","1","2","0","50000"
"20194","アイアン ブーツ ","1","3","0","60000"
"20194","アイアン ブーツ ","1","4","0","70000"
"20194","アイアン ブーツ ","1","5","0","400000"
"20194","アイアン ブーツ ","1","6","0","900000"
"20194","アイアン ブーツ ","1","7","0","2500000"
"20194","アイアン ブーツ ","1","8","0","6000000"
"20194","アイアン ブーツ ","1","9","0","15000000"
"20194","アイアン ブーツ ","1","10","0","35000000"
"20201","ジェネラル ブーツ ","0","0","0","50000"
"20201","ジェネラル ブーツ ","0","1","0","60000"
"20201","ジェネラル ブーツ ","0","2","0","70000"
"20201","ジェネラル ブーツ ","0","3","0","80000"
"20201","ジェネラル ブーツ ","0","4","0","90000"
"20201","ジェネラル ブーツ ","0","5","0","100000"
"20201","ジェネラル ブーツ ","0","6","0","110000"
"20201","ジェネラル ブーツ ","0","7","0","500000"
"20201","ジェネラル ブーツ ","0","8","0","1100000"
"20201","ジェネラル ブーツ ","0","9","0","2500000"
"20201","ジェネラル ブーツ ","0","10","0","4500000"
"20201","ジェネラル ブーツ ","1","0","0","50000"
"20201","ジェネラル ブーツ ","1","1","0","60000"
"20201","ジェネラル ブーツ ","1","2","0","70000"
"20201","ジェネラル ブーツ ","1","3","0","80000"
"20201","ジェネラル ブーツ ","1","4","0","90000"
"20201","ジェネラル ブーツ ","1","5","0","100000"
"20201","ジェネラル ブーツ ","1","6","0","110000"
"20201","ジェネラル ブーツ ","1","7","0","500000"
"20201","ジェネラル ブーツ ","1","8","0","1100000"
"20201","ジェネラル ブーツ ","1","9","0","2500000"
"20201","ジェネラル ブーツ ","1","10","0","4500000"
"20204","ベレス ブーツ ","0","0","0","10000000"
"20204","ベレス ブーツ ","0","1","0","10000000"
"20204","ベレス ブーツ ","0","2","0","10000000"
"20204","ベレス ブーツ ","0","3","0","10000000"
"20204","ベレス ブーツ ","0","4","0","10000000"
"20204","ベレス ブーツ ","0","5","0","10000000"
"20204","ベレス ブーツ ","0","6","0","10000000"
"20204","ベレス ブーツ ","0","7","0","30000000"
"20204","ベレス ブーツ ","0","8","0","80000000"
"20204","ベレス ブーツ ","0","9","0","200000000"
"20204","ベレス ブーツ ","0","10","0","550000000"
"20204","ベレス ブーツ ","0","11","0","1200000000"
"20204","ベレス ブーツ ","1","0","0","10000000"
"20204","ベレス ブーツ ","1","1","0","10000000"
"20204","ベレス ブーツ ","1","2","0","10000000"
"20204","ベレス ブーツ ","1","3","0","10000000"
"20204","ベレス ブーツ ","1","4","0","10000000"
"20204","ベレス ブーツ ","1","5","0","10000000"
"20204","ベレス ブーツ ","1","6","0","10000000"
"20204","ベレス ブーツ ","1","7","0","30000000"
"20204","ベレス ブーツ ","1","8","0","80000000"
"20204","ベレス ブーツ ","1","9","0","200000000"
"20204","ベレス ブーツ ","1","10","0","550000000"
"20204","ベレス ブーツ ","1","11","0","1200000000"
"20208","ビショップ ブーツ ","0","0","0","50000"
"20208","ビショップ ブーツ ","0","1","0","60000"
"20208","ビショップ ブーツ ","0","2","0","70000"
"20208","ビショップ ブーツ ","0","3","0","80000"
"20208","ビショップ ブーツ ","0","4","0","90000"
"20208","ビショップ ブーツ ","0","5","0","100000"
"20208","ビショップ ブーツ ","0","6","0","110000"
"20208","ビショップ ブーツ ","0","7","0","500000"
"20208","ビショップ ブーツ ","0","8","0","1100000"
"20208","ビショップ ブーツ ","0","9","0","2500000"
"20208","ビショップ ブーツ ","0","10","0","4500000"
"20208","ビショップ ブーツ ","1","0","0","50000"
"20208","ビショップ ブーツ ","1","1","0","60000"
"20208","ビショップ ブーツ ","1","2","0","70000"
"20208","ビショップ ブーツ ","1","3","0","80000"
"20208","ビショップ ブーツ ","1","4","0","90000"
"20208","ビショップ ブーツ ","1","5","0","100000"
"20208","ビショップ ブーツ ","1","6","0","110000"
"20208","ビショップ ブーツ ","1","7","0","500000"
"20208","ビショップ ブーツ ","1","8","0","1100000"
"20208","ビショップ ブーツ ","1","9","0","2500000"
"20208","ビショップ ブーツ ","1","10","0","4500000"
"20216","堕落のブーツ ","0","0","0","10000000"
"20216","堕落のブーツ ","0","1","0","10000000"
"20216","堕落のブーツ ","0","2","0","10000000"
"20216","堕落のブーツ ","0","3","0","10000000"
"20216","堕落のブーツ ","0","4","0","10000000"
"20216","堕落のブーツ ","0","5","0","30000000"
"20216","堕落のブーツ ","0","6","0","70000000"
"20216","堕落のブーツ ","0","7","0","120000000"
"20216","堕落のブーツ ","0","8","0","350000000"
"20216","堕落のブーツ ","0","9","0","900000000"
"20216","堕落のブーツ ","0","10","0","170000000"
"20216","堕落のブーツ ","1","0","0","10000000"
"20216","堕落のブーツ ","1","1","0","10000000"
"20216","堕落のブーツ ","1","2","0","10000000"
"20216","堕落のブーツ ","1","3","0","10000000"
"20216","堕落のブーツ ","1","4","0","10000000"
"20216","堕落のブーツ ","1","5","0","30000000"
"20216","堕落のブーツ ","1","6","0","70000000"
"20216","堕落のブーツ ","1","7","0","120000000"
"20216","堕落のブーツ ","1","8","0","350000000"
"20216","堕落のブーツ ","1","9","0","900000000"
"20216","堕落のブーツ ","1","10","0","170000000"
"20218","ブラック エルダー サンダル ","0","0","0","1000000"
"20218","ブラック エルダー サンダル ","0","1","0","1000000"
"20218","ブラック エルダー サンダル ","0","2","0","1000000"
"20218","ブラック エルダー サンダル ","0","3","0","1000000"
"20218","ブラック エルダー サンダル ","0","4","0","1000000"
"20218","ブラック エルダー サンダル ","0","5","0","3000000"
"20218","ブラック エルダー サンダル ","0","6","0","7000000"
"20218","ブラック エルダー サンダル ","0","7","0","12000000"
"20218","ブラック エルダー サンダル ","0","8","0","35000000"
"20218","ブラック エルダー サンダル ","0","9","0","90000000"
"20218","ブラック エルダー サンダル ","0","10","0","17000000"
"20218","ブラック エルダー サンダル ","0","11","0","52000000"
"20218","ブラック エルダー サンダル ","1","0","0","1000000"
"20218","ブラック エルダー サンダル ","1","1","0","1000000"
"20218","ブラック エルダー サンダル ","1","2","0","1000000"
"20218","ブラック エルダー サンダル ","1","3","0","1000000"
"20218","ブラック エルダー サンダル ","1","4","0","1000000"
"20218","ブラック エルダー サンダル ","1","5","0","3000000"
"20218","ブラック エルダー サンダル ","1","6","0","7000000"
"20218","ブラック エルダー サンダル ","1","7","0","12000000"
"20218","ブラック エルダー サンダル ","1","8","0","35000000"
"20218","ブラック エルダー サンダル ","1","9","0","90000000"
"20218","ブラック エルダー サンダル ","1","10","0","17000000"
"20218","ブラック エルダー サンダル ","1","11","0","52000000"
"20228","ジェネラル シールド ","0","0","0","50000"
"20228","ジェネラル シールド ","0","1","0","60000"
"20228","ジェネラル シールド ","0","2","0","70000"
"20228","ジェネラル シールド ","0","3","0","80000"
"20228","ジェネラル シールド ","0","4","0","90000"
"20228","ジェネラル シールド ","0","5","0","100000"
"20228","ジェネラル シールド ","0","6","0","110000"
"20228","ジェネラル シールド ","0","7","0","500000"
"20228","ジェネラル シールド ","0","8","0","1100000"
"20228","ジェネラル シールド ","0","9","0","2500000"
"20228","ジェネラル シールド ","0","10","0","4500000"
"20228","ジェネラル シールド ","1","0","0","50000"
"20228","ジェネラル シールド ","1","1","0","60000"
"20228","ジェネラル シールド ","1","2","0","70000"
"20228","ジェネラル シールド ","1","3","0","80000"
"20228","ジェネラル シールド ","1","4","0","90000"
"20228","ジェネラル シールド ","1","5","0","100000"
"20228","ジェネラル シールド ","1","6","0","110000"
"20228","ジェネラル シールド ","1","7","0","500000"
"20228","ジェネラル シールド ","1","8","0","1100000"
"20228","ジェネラル シールド ","1","9","0","2500000"
"20228","ジェネラル シールド ","1","10","0","4500000"
"20233","ビショップ ブック ","0","0","0","50000"
"20233","ビショップ ブック ","0","1","0","60000"
"20233","ビショップ ブック ","0","2","0","70000"
"20233","ビショップ ブック ","0","3","0","80000"
"20233","ビショップ ブック ","0","4","0","90000"
"20233","ビショップ ブック ","0","5","0","100000"
"20233","ビショップ ブック ","0","6","0","110000"
"20233","ビショップ ブック ","0","7","0","500000"
"20233","ビショップ ブック ","0","8","0","1100000"
"20233","ビショップ ブック ","0","9","0","2500000"
"20233","ビショップ ブック ","0","10","0","4500000"
"20233","ビショップ ブック ","1","0","0","50000"
"20233","ビショップ ブック ","1","1","0","60000"
"20233","ビショップ ブック ","1","2","0","70000"
"20233","ビショップ ブック ","1","3","0","80000"
"20233","ビショップ ブック ","1","4","0","90000"
"20233","ビショップ ブック ","1","5","0","100000"
"20233","ビショップ ブック ","1","6","0","110000"
"20233","ビショップ ブック ","1","7","0","500000"
"20233","ビショップ ブック ","1","8","0","1100000"
"20233","ビショップ ブック ","1","9","0","2500000"
"20233","ビショップ ブック ","1","10","0","4500000"
"20254","魅力のアミュレット ","0","0","0","100000"
"20254","魅力のアミュレット ","1","0","0","100000"
"20256","機敏のアミュレット ","0","0","0","100000"
"20256","機敏のアミュレット ","1","0","0","100000"
"20257","ブラック ウィザード アミュレット ","0","0","0","4500000"
"20257","ブラック ウィザード アミュレット ","1","0","0","4500000"
"20264","腕力のアミュレット ","0","0","0","100000"
"20264","腕力のアミュレット ","1","0","0","100000"
"20266","知力のアミュレット ","0","0","0","100000"
"20266","知力のアミュレット ","1","0","0","100000"
"20267","精神のアミュレット ","0","0","0","100000"
"20267","精神のアミュレット ","1","0","0","100000"
"20268","体力のアミュレット ","0","0","0","100000"
"20268","体力のアミュレット ","1","0","0","100000"
"20280","マジック プロテクション リング ","0","0","0","20000"
"20280","マジック プロテクション リング ","0","1","0","150000"
"20280","マジック プロテクション リング ","0","2","0","1000000"
"20280","マジック プロテクション リング ","0","3","0","10000000"
"20280","マジック プロテクション リング ","0","4","0","40000000"
"20280","マジック プロテクション リング ","0","5","0","120000000"
"20280","マジック プロテクション リング ","0","6","0","280000000"
"20280","マジック プロテクション リング ","0","7","0","450000000"
"20280","マジック プロテクション リング ","0","8","0","1200000000"
"20280","マジック プロテクション リング ","0","9","0","1950000000"
"20280","マジック プロテクション リング ","1","0","0","20000"
"20280","マジック プロテクション リング ","1","1","0","150000"
"20280","マジック プロテクション リング ","1","2","0","1000000"
"20280","マジック プロテクション リング ","1","3","0","10000000"
"20280","マジック プロテクション リング ","1","4","0","40000000"
"20280","マジック プロテクション リング ","1","5","0","120000000"
"20280","マジック プロテクション リング ","1","6","0","280000000"
"20280","マジック プロテクション リング ","1","7","0","450000000"
"20280","マジック プロテクション リング ","1","8","0","1200000000"
"20280","マジック プロテクション リング ","1","9","0","1950000000"
"20285","ウォーター リング ","0","0","0","160000"
"20285","ウォーター リング ","1","0","0","160000"
"20289","アビス リング ","0","0","0","20000"
"20289","アビス リング ","0","1","0","150000"
"20289","アビス リング ","0","2","0","1000000"
"20289","アビス リング ","0","3","0","10000000"
"20289","アビス リング ","0","4","0","40000000"
"20289","アビス リング ","0","5","0","120000000"
"20289","アビス リング ","0","6","0","280000000"
"20289","アビス リング ","0","7","0","450000000"
"20289","アビス リング ","0","8","0","1200000000"
"20289","アビス リング ","0","9","0","1950000000"
"20289","アビス リング ","1","0","0","20000"
"20289","アビス リング ","1","1","0","150000"
"20289","アビス リング ","1","2","0","1000000"
"20289","アビス リング ","1","3","0","10000000"
"20289","アビス リング ","1","4","0","40000000"
"20289","アビス リング ","1","5","0","120000000"
"20289","アビス リング ","1","6","0","280000000"
"20289","アビス リング ","1","7","0","450000000"
"20289","アビス リング ","1","8","0","1200000000"
"20289","アビス リング ","1","9","0","1950000000"
"20298","\aFゼニス リング ","0","0","0","1000000"
"20298","\aFゼニス リング ","1","0","0","1000000"
"20300","アース リング ","0","0","0","160000"
"20300","アース リング ","1","0","0","160000"
"20302","ウィンド リング ","0","0","0","160000"
"20302","ウィンド リング ","1","0","0","160000"
"20304","ファイアー リング ","0","0","0","160000"
"20304","ファイアー リング ","1","0","0","160000"
"20317","オーガ ベルト ","0","0","0","500000"
"20317","オーガ ベルト ","1","0","0","500000"
"20320","タイタン ベルト ","0","0","0","700000"
"20320","タイタン ベルト ","1","0","0","700000"
"20422","輝く古代のアミュレット ","0","0","0","5000000"
"20422","輝く古代のアミュレット ","0","1","0","7000000"
"20422","輝く古代のアミュレット ","0","2","0","20000000"
"20422","輝く古代のアミュレット ","0","3","0","40000000"
"20422","輝く古代のアミュレット ","0","4","0","90000000"
"20422","輝く古代のアミュレット ","0","5","0","250000000"
"20422","輝く古代のアミュレット ","0","6","0","550000000"
"20422","輝く古代のアミュレット ","0","7","0","1000000000"
"20422","輝く古代のアミュレット ","0","8","0","1700000000"
"20422","輝く古代のアミュレット ","1","0","0","5000000"
"20422","輝く古代のアミュレット ","1","1","0","7000000"
"20422","輝く古代のアミュレット ","1","2","0","20000000"
"20422","輝く古代のアミュレット ","1","3","0","40000000"
"20422","輝く古代のアミュレット ","1","4","0","90000000"
"20422","輝く古代のアミュレット ","1","5","0","250000000"
"20422","輝く古代のアミュレット ","1","6","0","550000000"
"20422","輝く古代のアミュレット ","1","7","0","1000000000"
"20422","輝く古代のアミュレット ","1","8","0","1700000000"
"30008","","0","0","0","5000000"
"30008","","0","1","0","15000000"
"30008","","0","2","0","35000000"
"30008","","0","3","0","80000000"
"30008","","0","4","0","220000000"
"30008","","0","5","0","450000000"
"30008","","0","6","0","890000000"
"30008","","0","7","0","1560000000"
"30008","","1","0","0","5000000"
"30008","","1","1","0","15000000"
"30008","","1","2","0","35000000"
"30008","","1","3","0","80000000"
"30008","","1","4","0","220000000"
"30008","","1","5","0","450000000"
"30008","","1","6","0","890000000"
"30008","","1","7","0","1560000000"
"30009","","0","0","0","5000000"
"30009","","0","1","0","15000000"
"30009","","0","2","0","35000000"
"30009","","0","3","0","80000000"
"30009","","0","4","0","220000000"
"30009","","0","5","0","450000000"
"30009","","0","6","0","890000000"
"30009","","0","7","0","1560000000"
"30009","","1","0","0","5000000"
"30009","","1","1","0","15000000"
"30009","","1","2","0","35000000"
"30009","","1","3","0","80000000"
"30009","","1","4","0","220000000"
"30009","","1","5","0","450000000"
"30009","","1","6","0","890000000"
"30009","","1","7","0","1560000000"
"40076","","0","0","0","500000"
"40076","","1","0","0","500000"
"40205","","0","0","0","300000"
"40205","","1","0","0","300000"
"40219","","0","0","0","3500000"
"40219","","1","0","0","3500000"
"40222","","0","0","0","1000000000"
"40222","","1","0","0","1000000000"
"40223","","0","0","0","1500000"
"40223","","1","0","0","1500000"
"40224","","0","0","0","100000"
"40224","","1","0","0","100000"
"40238","","0","0","0","650000"
"40238","","1","0","0","650000"
"40249","","0","0","0","200000"
"40249","","1","0","0","200000"
"40466","","0","0","0","25000000"
"40466","","1","0","0","25000000"
"40496","","0","0","0","150"
"40496","","1","0","0","150"
"41148","","0","0","0","1500000000"
"41148","","1","0","0","1500000000"
"41149","","0","0","0","2500000"
"41149","","1","0","0","2500000"
"41152","","0","0","0","300000"
"41152","","1","0","0","3000000"
"41153","","0","0","0","2000000"
"41153","","1","0","0","2000000"
"41248","","0","0","0","70000"
"41248","","1","0","0","70000"
"41249","","0","0","0","1000000"
"41249","","1","0","0","1000000"
"41250","","0","0","0","580000"
"41250","","1","0","0","580000"
"41915","","0","0","0","15000"
"41915","","1","0","0","15000"
"100009","","0","0","0","3500000"
"100009","","0","1","0","3550000"
"100009","","0","2","0","3600000"
"100009","","0","3","0","3650000"
"100009","","0","4","0","3700000"
"100009","","0","5","0","3750000"
"100009","","0","6","0","3800000"
"100009","","0","7","0","5000000"
"100009","","0","8","0","9000000"
"100009","","0","9","0","15000000"
"100009","","0","10","0","30000000"
"100009","","0","11","0","80000000"
"100009","","0","12","0","200000000"
"100009","","1","0","0","3500000"
"100009","","1","1","0","3550000"
"100009","","1","2","0","3600000"
"100009","","1","3","0","3650000"
"100009","","1","4","0","3700000"
"100009","","1","5","0","3750000"
"100009","","1","6","0","3800000"
"100009","","1","7","0","5000000"
"100009","","1","8","0","9000000"
"100009","","1","9","0","15000000"
"100009","","1","10","0","30000000"
"100009","","1","11","0","80000000"
"100009","","1","12","0","200000000"
"100057","","0","0","0","500000"
"100057","","0","1","0","500000"
"100057","","0","2","0","500000"
"100057","","0","3","0","500000"
"100057","","0","4","0","500000"
"100057","","0","5","0","500000"
"100057","","0","6","0","500000"
"100057","","0","7","0","1400000"
"100057","","0","8","0","3500000"
"100057","","0","9","0","8000000"
"100057","","0","10","0","20000000"
"100057","","0","11","0","50000000"
"100057","","1","0","0","500000"
"100057","","1","1","0","500000"
"100057","","1","2","0","500000"
"100057","","1","3","0","500000"
"100057","","1","4","0","500000"
"100057","","1","5","0","500000"
"100057","","1","6","0","500000"
"100057","","1","7","0","1400000"
"100057","","1","8","0","3500000"
"100057","","1","9","0","8000000"
"100057","","1","10","0","20000000"
"100057","","1","11","0","50000000"
"100062","","0","0","0","3000000"
"100062","","0","1","0","3000000"
"100062","","0","2","0","3000000"
"100062","","0","3","0","3000000"
"100062","","0","4","0","3000000"
"100062","","0","5","0","3000000"
"100062","","0","6","0","3000000"
"100062","","0","7","0","3000000"
"100062","","0","8","0","8000000"
"100062","","0","9","0","18000000"
"100062","","0","10","0","45000000"
"100062","","0","11","0","120000000"
"100062","","0","12","0","560000000"
"100062","","1","0","0","3000000"
"100062","","1","1","0","3000000"
"100062","","1","2","0","3000000"
"100062","","1","3","0","3000000"
"100062","","1","4","0","3000000"
"100062","","1","5","0","3000000"
"100062","","1","6","0","3000000"
"100062","","1","7","0","3000000"
"100062","","1","8","0","8000000"
"100062","","1","9","0","18000000"
"100062","","1","10","0","45000000"
"100062","","1","11","0","120000000"
"100062","","1","12","0","560000000"
"100164","","0","0","0","3000000"
"100164","","0","1","0","3000000"
"100164","","0","2","0","3000000"
"100164","","0","3","0","3000000"
"100164","","0","4","0","3000000"
"100164","","0","5","0","3000000"
"100164","","0","6","0","3000000"
"100164","","0","7","0","3000000"
"100164","","0","8","0","18000000"
"100164","","0","9","0","28000000"
"100164","","0","10","0","180000000"
"100164","","0","11","0","350000000"
"100164","","0","12","0","680000000"
"100164","","1","0","0","3000000"
"100164","","1","1","0","3000000"
"100164","","1","2","0","3000000"
"100164","","1","3","0","3000000"
"100164","","1","4","0","3000000"
"100164","","1","5","0","3000000"
"100164","","1","6","0","3000000"
"100164","","1","7","0","3000000"
"100164","","1","8","0","18000000"
"100164","","1","9","0","28000000"
"100164","","1","10","0","180000000"
"100164","","1","11","0","350000000"
"100164","","1","12","0","680000000"
"120011","マジック ヘルム ","0","0","0","200"
"120011","マジック ヘルム ","0","1","0","1000"
"120011","マジック ヘルム ","0","2","0","20000"
"120011","マジック ヘルム ","0","3","0","20000"
"120011","マジック ヘルム ","0","4","0","20000"
"120011","マジック ヘルム ","0","5","0","250000"
"120011","マジック ヘルム ","0","6","0","800000"
"120011","マジック ヘルム ","0","7","0","2500000"
"120011","マジック ヘルム ","0","8","0","9500000"
"120011","マジック ヘルム ","0","9","0","25000000"
"120011","マジック ヘルム ","0","10","0","57000000"
"120011","マジック ヘルム ","0","11","0","250000000"
"120011","マジック ヘルム ","1","0","0","200"
"120011","マジック ヘルム ","1","1","0","1000"
"120011","マジック ヘルム ","1","2","0","20000"
"120011","マジック ヘルム ","1","3","0","20000"
"120011","マジック ヘルム ","1","4","0","20000"
"120011","マジック ヘルム ","1","5","0","250000"
"120011","マジック ヘルム ","1","6","0","800000"
"120011","マジック ヘルム ","1","7","0","2500000"
"120011","マジック ヘルム ","1","8","0","9500000"
"120011","マジック ヘルム ","1","9","0","25000000"
"120011","マジック ヘルム ","1","10","0","57000000"
"120011","マジック ヘルム ","1","11","0","250000000"
"120056","マジック クローク ","0","0","0","200"
"120056","マジック クローク ","0","1","0","1000"
"120056","マジック クローク ","0","2","0","20000"
"120056","マジック クローク ","0","3","0","20000"
"120056","マジック クローク ","0","4","0","20000"
"120056","マジック クローク ","0","5","0","250000"
"120056","マジック クローク ","0","6","0","800000"
"120056","マジック クローク ","0","7","0","2500000"
"120056","マジック クローク ","0","8","0","9500000"
"120056","マジック クローク ","0","9","0","25000000"
"120056","マジック クローク ","0","10","0","57000000"
"120056","マジック クローク ","0","11","0","250000000"
"120056","マジック クローク ","1","0","0","200"
"120056","マジック クローク ","1","1","0","1000"
"120056","マジック クローク ","1","2","0","20000"
"120056","マジック クローク ","1","3","0","20000"
"120056","マジック クローク ","1","4","0","20000"
"120056","マジック クローク ","1","5","0","250000"
"120056","マジック クローク ","1","6","0","800000"
"120056","マジック クローク ","1","7","0","2500000"
"120056","マジック クローク ","1","8","0","9500000"
"120056","マジック クローク ","1","9","0","25000000"
"120056","マジック クローク ","1","10","0","57000000"
"120056","マジック クローク ","1","11","0","250000000"
"120074","神聖な保護マント","0","0","0","1100000"
"120074","神聖な保護マント","0","1","0","1100000"
"120074","神聖な保護マント","0","2","0","1100000"
"120074","神聖な保護マント","0","3","0","1100000"
"120074","神聖な保護マント","0","4","0","1100000"
"120074","神聖な保護マント","0","5","0","2500000"
"120074","神聖な保護マント","0","6","0","8900000"
"120074","神聖な保護マント","0","7","0","21000000"
"120074","神聖な保護マント","0","8","0","45000000"
"120074","神聖な保護マント","0","9","0","120000000"
"120074","神聖な保護マント","0","10","0","350000000"
"120074","神聖な保護マント","0","11","0","800000000"
"120074","神聖な保護マント","1","0","0","1100000"
"120074","神聖な保護マント","1","1","0","1100000"
"120074","神聖な保護マント","1","2","0","1100000"
"120074","神聖な保護マント","1","3","0","1100000"
"120074","神聖な保護マント","1","4","0","1100000"
"120074","神聖な保護マント","1","5","0","2500000"
"120074","神聖な保護マント","1","6","0","8900000"
"120074","神聖な保護マント","1","7","0","21000000"
"120074","神聖な保護マント","1","8","0","45000000"
"120074","神聖な保護マント","1","9","0","120000000"
"120074","神聖な保護マント","1","10","0","350000000"
"120074","神聖な保護マント","1","11","0","800000000"
"120077","インビジビリティ クローク ","0","0","0","75000000"
"120077","インビジビリティ クローク ","0","1","0","75000000"
"120077","インビジビリティ クローク ","0","2","0","75000000"
"120077","インビジビリティ クローク ","0","3","0","75000000"
"120077","インビジビリティ クローク ","0","4","0","75000000"
"120077","インビジビリティ クローク ","0","5","0","75000000"
"120077","インビジビリティ クローク ","1","0","0","75000000"
"120077","インビジビリティ クローク ","1","1","0","75000000"
"120077","インビジビリティ クローク ","1","2","0","75000000"
"120077","インビジビリティ クローク ","1","3","0","75000000"
"120077","インビジビリティ クローク ","1","4","0","75000000"
"120077","インビジビリティ クローク ","1","5","0","75000000"
"120254","魅力のアミュレット ","0","0","0","100000"
"120254","魅力のアミュレット ","1","0","0","100000"
"120256","機敏のアミュレット ","0","0","0","100000"
"120256","機敏のアミュレット ","1","0","0","100000"
"120264","腕力のアミュレット ","0","0","0","100000"
"120264","腕力のアミュレット ","1","0","0","100000"
"120266","知力のアミュレット ","0","0","0","100000"
"120266","知力のアミュレット ","1","0","0","100000"
"120267","精神のアミュレット ","0","0","0","100000"
"120267","精神のアミュレット ","1","0","0","100000"
"120268","体力のアミュレット ","0","0","0","100000"
"120268","体力のアミュレット ","1","0","0","100000"
"120285","ウォーター リング ","0","0","0","160000"
"120285","ウォーター リング ","1","0","0","160000"
"120300","アース リング ","0","0","0","160000"
"120300","アース リング ","1","0","0","160000"
"120302","ウィンド リング ","0","0","0","160000"
"120302","ウィンド リング ","1","0","0","160000"
"120304","ファイアー リング ","0","0","0","160000"
"120304","ファイアー リング ","1","0","0","160000"
"140074","","0","0","0","280000"
"140074","","1","0","0","280000"
"140087","","0","0","0","480000"
"140087","","1","0","0","480000"
"413101","","0","0","0","3000000"
"413101","","0","1","0","3000000"
"413101","","0","2","0","3000000"
"413101","","0","3","0","3000000"
"413101","","0","4","0","3000000"
"413101","","0","5","0","3000000"
"413101","","0","6","0","3000000"
"413101","","0","7","0","3000000"
"413101","","0","8","0","18000000"
"413101","","0","9","0","28000000"
"413101","","0","10","0","180000000"
"413101","","0","11","0","350000000"
"413101","","0","12","0","680000000"
"413101","","1","0","0","3000000"
"413101","","1","1","0","3000000"
"413101","","1","2","0","3000000"
"413101","","1","3","0","3000000"
"413101","","1","4","0","3000000"
"413101","","1","5","0","3000000"
"413101","","1","6","0","3000000"
"413101","","1","7","0","3000000"
"413101","","1","8","0","18000000"
"413101","","1","9","0","28000000"
"413101","","1","10","0","180000000"
"413101","","1","11","0","350000000"
"413101","","1","12","0","680000000"
"413102","","0","0","0","3000000"
"413102","","0","1","0","3000000"
"413102","","0","2","0","3000000"
"413102","","0","3","0","3000000"
"413102","","0","4","0","3000000"
"413102","","0","5","0","3000000"
"413102","","0","6","0","3000000"
"413102","","0","7","0","3000000"
"413102","","0","8","0","18000000"
"413102","","0","9","0","28000000"
"413102","","0","10","0","180000000"
"413102","","0","11","0","350000000"
"413102","","0","12","0","680000000"
"413102","","1","0","0","3000000"
"413102","","1","1","0","3000000"
"413102","","1","2","0","3000000"
"413102","","1","3","0","3000000"
"413102","","1","4","0","3000000"
"413102","","1","5","0","3000000"
"413102","","1","6","0","3000000"
"413102","","1","7","0","3000000"
"413102","","1","8","0","18000000"
"413102","","1","9","0","28000000"
"413102","","1","10","0","180000000"
"413102","","1","11","0","350000000"
"413102","","1","12","0","680000000"
"413103","","0","0","0","3000000"
"413103","","0","1","0","3000000"
"413103","","0","2","0","3000000"
"413103","","0","3","0","3000000"
"413103","","0","4","0","3000000"
"413103","","0","5","0","3000000"
"413103","","0","6","0","3000000"
"413103","","0","7","0","3000000"
"413103","","0","8","0","18000000"
"413103","","0","9","0","28000000"
"413103","","0","10","0","180000000"
"413103","","0","11","0","350000000"
"413103","","0","12","0","680000000"
"413103","","1","0","0","3000000"
"413103","","1","1","0","3000000"
"413103","","1","2","0","3000000"
"413103","","1","3","0","3000000"
"413103","","1","4","0","3000000"
"413103","","1","5","0","3000000"
"413103","","1","6","0","3000000"
"413103","","1","7","0","3000000"
"413103","","1","8","0","18000000"
"413103","","1","9","0","28000000"
"413103","","1","10","0","180000000"
"413103","","1","11","0","350000000"
"413103","","1","12","0","680000000"
"413104","","0","0","0","3000000"
"413104","","0","1","0","3000000"
"413104","","0","2","0","3000000"
"413104","","0","3","0","3000000"
"413104","","0","4","0","3000000"
"413104","","0","5","0","3000000"
"413104","","0","6","0","3000000"
"413104","","0","7","0","3000000"
"413104","","0","8","0","18000000"
"413104","","0","9","0","28000000"
"413104","","0","10","0","180000000"
"413104","","0","11","0","350000000"
"413104","","0","12","0","680000000"
"413104","","1","0","0","3000000"
"413104","","1","1","0","3000000"
"413104","","1","2","0","3000000"
"413104","","1","3","0","3000000"
"413104","","1","4","0","3000000"
"413104","","1","5","0","3000000"
"413104","","1","6","0","3000000"
"413104","","1","7","0","3000000"
"413104","","1","8","0","18000000"
"413104","","1","9","0","28000000"
"413104","","1","10","0","180000000"
"413104","","1","11","0","350000000"
"413104","","1","12","0","680000000"
"413105","","0","0","0","3000000"
"413105","","0","1","0","3000000"
"413105","","0","2","0","3000000"
"413105","","0","3","0","3000000"
"413105","","0","4","0","3000000"
"413105","","0","5","0","3000000"
"413105","","0","6","0","3000000"
"413105","","0","7","0","3000000"
"413105","","0","8","0","18000000"
"413105","","0","9","0","28000000"
"413105","","0","10","0","180000000"
"413105","","0","11","0","350000000"
"413105","","0","12","0","680000000"
"413105","","1","0","0","3000000"
"413105","","1","1","0","3000000"
"413105","","1","2","0","3000000"
"413105","","1","3","0","3000000"
"413105","","1","4","0","3000000"
"413105","","1","5","0","3000000"
"413105","","1","6","0","3000000"
"413105","","1","7","0","3000000"
"413105","","1","8","0","18000000"
"413105","","1","9","0","28000000"
"413105","","1","10","0","180000000"
"413105","","1","11","0","350000000"
"413105","","1","12","0","680000000"
"420000","","0","0","0","20000000"
"420000","","0","1","0","28000000"
"420000","","0","2","0","35000000"
"420000","","0","3","0","68000000"
"420000","","0","4","0","170000000"
"420000","","0","5","0","350000000"
"420000","","0","6","0","720000000"
"420000","","0","7","0","1500000000"
"420000","","1","0","0","20000000"
"420000","","1","1","0","28000000"
"420000","","1","2","0","35000000"
"420000","","1","3","0","68000000"
"420000","","1","4","0","170000000"
"420000","","1","5","0","350000000"
"420000","","1","6","0","720000000"
"420000","","1","7","0","1500000000"
"420001","","0","0","0","500000"
"420001","","0","1","0","1500000"
"420001","","0","2","0","6500000"
"420001","","0","3","0","18000000"
"420001","","0","4","0","45000000"
"420001","","0","5","0","90000000"
"420001","","0","6","0","220000000"
"420001","","0","7","0","350000000"
"420001","","0","8","0","700000000"
"420001","","1","0","0","500000"
"420001","","1","1","0","1500000"
"420001","","1","2","0","6500000"
"420001","","1","3","0","18000000"
"420001","","1","4","0","45000000"
"420001","","1","5","0","90000000"
"420001","","1","6","0","220000000"
"420001","","1","7","0","350000000"
"420001","","1","8","0","700000000"
"420002","","0","0","0","30000000"
"420002","","0","1","0","65000000"
"420002","","0","2","0","180000000"
"420002","","0","3","0","350000000"
"420002","","0","4","0","750000000"
"420002","","0","5","0","1200000000"
"420002","","0","6","0","1900000000"
"420002","","1","0","0","30000000"
"420002","","1","1","0","65000000"
"420002","","1","2","0","180000000"
"420002","","1","3","0","350000000"
"420002","","1","4","0","750000000"
"420002","","1","5","0","1200000000"
"420002","","1","6","0","1900000000"
"420003","","0","0","0","20000000"
"420003","","0","1","0","28000000"
"420003","","0","2","0","35000000"
"420003","","0","3","0","68000000"
"420003","","0","4","0","170000000"
"420003","","0","5","0","350000000"
"420003","","0","6","0","720000000"
"420003","","0","7","0","1500000000"
"420003","","0","8","0","9500000"
"420003","","1","0","0","20000000"
"420003","","1","1","0","28000000"
"420003","","1","2","0","35000000"
"420003","","1","3","0","68000000"
"420003","","1","4","0","170000000"
"420003","","1","5","0","350000000"
"420003","","1","6","0","720000000"
"420003","","1","7","0","1500000000"
"420003","","1","8","0","9500000"
"420011","","0","0","0","300000"
"420011","","0","1","0","300000"
"420011","","0","2","0","300000"
"420011","","0","3","0","300000"
"420011","","0","4","0","300000"
"420011","","0","5","0","2500000"
"420011","","0","6","0","8500000"
"420011","","0","7","0","19000000"
"420011","","0","8","0","45000000"
"420011","","0","9","0","120000000"
"420011","","0","10","0","350000000"
"420011","","0","11","0","800000000"
"420011","","1","0","0","300000"
"420011","","1","1","0","300000"
"420011","","1","2","0","300000"
"420011","","1","3","0","300000"
"420011","","1","4","0","300000"
"420011","","1","5","0","2500000"
"420011","","1","6","0","8500000"
"420011","","1","7","0","19000000"
"420011","","1","8","0","45000000"
"420011","","1","9","0","120000000"
"420011","","1","10","0","350000000"
"420011","","1","11","0","800000000"
"420012","","0","0","0","300000"
"420012","","0","1","0","300000"
"420012","","0","2","0","300000"
"420012","","0","3","0","300000"
"420012","","0","4","0","300000"
"420012","","0","5","0","300000"
"420012","","0","6","0","300000"
"420012","","0","7","0","3500000"
"420012","","0","8","0","12000000"
"420012","","0","9","0","55000000"
"420012","","0","10","0","250000000"
"420012","","0","11","0","800000000"
"420012","","1","0","0","300000"
"420012","","1","1","0","300000"
"420012","","1","2","0","300000"
"420012","","1","3","0","300000"
"420012","","1","4","0","300000"
"420012","","1","5","0","300000"
"420012","","1","6","0","300000"
"420012","","1","7","0","3500000"
"420012","","1","8","0","12000000"
"420012","","1","9","0","55000000"
"420012","","1","10","0","25000000"
"420012","","1","11","0","80000000"
"420013","","0","0","0","500000"
"420013","","0","1","0","1500000"
"420013","","0","2","0","3500000"
"420013","","0","3","0","8000000"
"420013","","0","4","0","22000000"
"420013","","0","5","0","45000000"
"420013","","0","6","0","89000000"
"420013","","0","7","0","15600000"
"420013","","1","0","0","500000"
"420013","","1","1","0","1500000"
"420013","","1","2","0","3500000"
"420013","","1","3","0","8000000"
"420013","","1","4","0","22000000"
"420013","","1","5","0","45000000"
"420013","","1","6","0","89000000"
"420013","","1","7","0","156000000"
"420014","","0","0","0","500000"
"420014","","0","1","0","1500000"
"420014","","0","2","0","3500000"
"420014","","0","3","0","8000000"
"420014","","0","4","0","22000000"
"420014","","0","5","0","45000000"
"420014","","0","6","0","89000000"
"420014","","0","7","0","156000000"
"420014","","1","0","0","500000"
"420014","","1","1","0","1500000"
"420014","","1","2","0","3500000"
"420014","","1","3","0","8000000"
"420014","","1","4","0","22000000"
"420014","","1","5","0","45000000"
"420014","","1","6","0","89000000"
"420014","","1","7","0","156000000"
"420100","","0","0","0","7000000"
"420100","","0","1","0","7000000"
"420100","","0","2","0","7000000"
"420100","","0","3","0","7000000"
"420100","","0","4","0","7000000"
"420100","","0","5","0","13500000"
"420100","","0","6","0","25000000"
"420100","","0","7","0","38000000"
"420100","","0","8","0","65000000"
"420100","","0","9","0","110000000"
"420100","","0","10","0","160000000"
"420100","","0","11","0","195000000"
"420100","","1","0","0","7000000"
"420100","","1","1","0","7000000"
"420100","","1","2","0","7000000"
"420100","","1","3","0","7000000"
"420100","","1","4","0","7000000"
"420100","","1","5","0","13500000"
"420100","","1","6","0","25000000"
"420100","","1","7","0","38000000"
"420100","","1","8","0","65000000"
"420100","","1","9","0","110000000"
"420100","","1","10","0","160000000"
"420100","","1","11","0","195000000"
"420101","","0","0","0","7000000"
"420101","","0","1","0","7000000"
"420101","","0","2","0","7000000"
"420101","","0","3","0","7000000"
"420101","","0","4","0","7000000"
"420101","","0","5","0","13500000"
"420101","","0","6","0","25000000"
"420101","","0","7","0","38000000"
"420101","","0","8","0","65000000"
"420101","","0","9","0","110000000"
"420101","","0","10","0","160000000"
"420101","","0","11","0","195000000"
"420101","","1","0","0","7000000"
"420101","","1","1","0","7000000"
"420101","","1","2","0","7000000"
"420101","","1","3","0","7000000"
"420101","","1","4","0","7000000"
"420101","","1","5","0","13500000"
"420101","","1","6","0","25000000"
"420101","","1","7","0","38000000"
"420101","","1","8","0","65000000"
"420101","","1","9","0","110000000"
"420101","","1","10","0","160000000"
"420101","","1","11","0","195000000"
"420102","","0","0","0","7000000"
"420102","","0","1","0","7000000"
"420102","","0","2","0","7000000"
"420102","","0","3","0","7000000"
"420102","","0","4","0","7000000"
"420102","","0","5","0","13500000"
"420102","","0","6","0","25000000"
"420102","","0","7","0","38000000"
"420102","","0","8","0","65000000"
"420102","","0","9","0","110000000"
"420102","","0","10","0","160000000"
"420102","","0","11","0","195000000"
"420102","","1","0","0","7000000"
"420102","","1","1","0","7000000"
"420102","","1","2","0","7000000"
"420102","","1","3","0","7000000"
"420102","","1","4","0","7000000"
"420102","","1","5","0","13500000"
"420102","","1","6","0","25000000"
"420102","","1","7","0","38000000"
"420102","","1","8","0","65000000"
"420102","","1","9","0","110000000"
"420102","","1","10","0","160000000"
"420102","","1","11","0","195000000"
"420103","","0","0","0","7000000"
"420103","","0","1","0","7000000"
"420103","","0","2","0","7000000"
"420103","","0","3","0","7000000"
"420103","","0","4","0","7000000"
"420103","","0","5","0","13500000"
"420103","","0","6","0","25000000"
"420103","","0","7","0","38000000"
"420103","","0","8","0","65000000"
"420103","","0","9","0","110000000"
"420103","","0","10","0","160000000"
"420103","","0","11","0","195000000"
"420103","","1","0","0","7000000"
"420103","","1","1","0","7000000"
"420103","","1","2","0","7000000"
"420103","","1","3","0","7000000"
"420103","","1","4","0","7000000"
"420103","","1","5","0","13500000"
"420103","","1","6","0","25000000"
"420103","","1","7","0","38000000"
"420103","","1","8","0","65000000"
"420103","","1","9","0","110000000"
"420103","","1","10","0","160000000"
"420103","","1","11","0","195000000"
"420104","","0","0","0","7000000"
"420104","","0","1","0","7000000"
"420104","","0","2","0","7000000"
"420104","","0","3","0","7000000"
"420104","","0","4","0","7000000"
"420104","","0","5","0","13500000"
"420104","","0","6","0","25000000"
"420104","","0","7","0","38000000"
"420104","","0","8","0","65000000"
"420104","","0","9","0","110000000"
"420104","","0","10","0","160000000"
"420104","","0","11","0","195000000"
"420104","","1","0","0","7000000"
"420104","","1","1","0","7000000"
"420104","","1","2","0","7000000"
"420104","","1","3","0","7000000"
"420104","","1","4","0","7000000"
"420104","","1","5","0","13500000"
"420104","","1","6","0","25000000"
"420104","","1","7","0","38000000"
"420104","","1","8","0","65000000"
"420104","","1","9","0","110000000"
"420104","","1","10","0","160000000"
"420104","","1","11","0","195000000"
"420105","","0","0","0","7000000"
"420105","","0","1","0","7000000"
"420105","","0","2","0","7000000"
"420105","","0","3","0","7000000"
"420105","","0","4","0","7000000"
"420105","","0","5","0","13500000"
"420105","","0","6","0","25000000"
"420105","","0","7","0","38000000"
"420105","","0","8","0","65000000"
"420105","","0","9","0","110000000"
"420105","","0","10","0","160000000"
"420105","","0","11","0","195000000"
"420105","","1","0","0","7000000"
"420105","","1","1","0","7000000"
"420105","","1","2","0","7000000"
"420105","","1","3","0","7000000"
"420105","","1","4","0","7000000"
"420105","","1","5","0","13500000"
"420105","","1","6","0","25000000"
"420105","","1","7","0","38000000"
"420105","","1","8","0","65000000"
"420105","","1","9","0","110000000"
"420105","","1","10","0","160000000"
"420105","","1","11","0","195000000"
"420106","","0","0","0","7000000"
"420106","","0","1","0","7000000"
"420106","","0","2","0","7000000"
"420106","","0","3","0","7000000"
"420106","","0","4","0","7000000"
"420106","","0","5","0","13500000"
"420106","","0","6","0","25000000"
"420106","","0","7","0","38000000"
"420106","","0","8","0","65000000"
"420106","","0","9","0","110000000"
"420106","","0","10","0","160000000"
"420106","","0","11","0","195000000"
"420106","","1","0","0","7000000"
"420106","","1","1","0","7000000"
"420106","","1","2","0","7000000"
"420106","","1","3","0","7000000"
"420106","","1","4","0","7000000"
"420106","","1","5","0","13500000"
"420106","","1","6","0","25000000"
"420106","","1","7","0","38000000"
"420106","","1","8","0","65000000"
"420106","","1","9","0","110000000"
"420106","","1","10","0","160000000"
"420106","","1","11","0","195000000"
"420107","","0","0","0","7000000"
"420107","","0","1","0","7000000"
"420107","","0","2","0","7000000"
"420107","","0","3","0","7000000"
"420107","","0","4","0","7000000"
"420107","","0","5","0","13500000"
"420107","","0","6","0","25000000"
"420107","","0","7","0","38000000"
"420107","","0","8","0","65000000"
"420107","","0","9","0","110000000"
"420107","","0","10","0","160000000"
"420107","","0","11","0","195000000"
"420107","","1","0","0","7000000"
"420107","","1","1","0","7000000"
"420107","","1","2","0","7000000"
"420107","","1","3","0","7000000"
"420107","","1","4","0","7000000"
"420107","","1","5","0","13500000"
"420107","","1","6","0","25000000"
"420107","","1","7","0","38000000"
"420107","","1","8","0","65000000"
"420107","","1","9","0","110000000"
"420107","","1","10","0","160000000"
"420107","","1","11","0","195000000"
"420108","","0","0","0","7000000"
"420108","","0","1","0","7000000"
"420108","","0","2","0","7000000"
"420108","","0","3","0","7000000"
"420108","","0","4","0","7000000"
"420108","","0","5","0","13500000"
"420108","","0","6","0","25000000"
"420108","","0","7","0","38000000"
"420108","","0","8","0","65000000"
"420108","","0","9","0","110000000"
"420108","","0","10","0","160000000"
"420108","","0","11","0","195000000"
"420108","","1","0","0","7000000"
"420108","","1","1","0","7000000"
"420108","","1","2","0","7000000"
"420108","","1","3","0","7000000"
"420108","","1","4","0","7000000"
"420108","","1","5","0","13500000"
"420108","","1","6","0","25000000"
"420108","","1","7","0","38000000"
"420108","","1","8","0","65000000"
"420108","","1","9","0","110000000"
"420108","","1","10","0","160000000"
"420108","","1","11","0","195000000"
"420109","","0","0","0","7000000"
"420109","","0","1","0","7000000"
"420109","","0","2","0","7000000"
"420109","","0","3","0","7000000"
"420109","","0","4","0","7000000"
"420109","","0","5","0","13500000"
"420109","","0","6","0","25000000"
"420109","","0","7","0","38000000"
"420109","","0","8","0","65000000"
"420109","","0","9","0","110000000"
"420109","","0","10","0","160000000"
"420109","","0","11","0","195000000"
"420109","","1","0","0","7000000"
"420109","","1","1","0","7000000"
"420109","","1","2","0","7000000"
"420109","","1","3","0","7000000"
"420109","","1","4","0","7000000"
"420109","","1","5","0","13500000"
"420109","","1","6","0","25000000"
"420109","","1","7","0","38000000"
"420109","","1","8","0","65000000"
"420109","","1","9","0","110000000"
"420109","","1","10","0","160000000"
"420109","","1","11","0","195000000"
"420110","","0","0","0","7000000"
"420110","","0","1","0","7000000"
"420110","","0","2","0","7000000"
"420110","","0","3","0","7000000"
"420110","","0","4","0","7000000"
"420110","","0","5","0","13500000"
"420110","","0","6","0","25000000"
"420110","","0","7","0","38000000"
"420110","","0","8","0","65000000"
"420110","","0","9","0","110000000"
"420110","","0","10","0","160000000"
"420110","","0","11","0","195000000"
"420110","","1","0","0","7000000"
"420110","","1","1","0","7000000"
"420110","","1","2","0","7000000"
"420110","","1","3","0","7000000"
"420110","","1","4","0","7000000"
"420110","","1","5","0","13500000"
"420110","","1","6","0","25000000"
"420110","","1","7","0","38000000"
"420110","","1","8","0","65000000"
"420110","","1","9","0","110000000"
"420110","","1","10","0","160000000"
"420110","","1","11","0","195000000"
"420111","","0","0","0","7000000"
"420111","","0","1","0","7000000"
"420111","","0","2","0","7000000"
"420111","","0","3","0","7000000"
"420111","","0","4","0","7000000"
"420111","","0","5","0","13500000"
"420111","","0","6","0","25000000"
"420111","","0","7","0","38000000"
"420111","","0","8","0","65000000"
"420111","","0","9","0","110000000"
"420111","","0","10","0","160000000"
"420111","","0","11","0","195000000"
"420111","","1","0","0","7000000"
"420111","","1","1","0","7000000"
"420111","","1","2","0","7000000"
"420111","","1","3","0","7000000"
"420111","","1","4","0","7000000"
"420111","","1","5","0","13500000"
"420111","","1","6","0","25000000"
"420111","","1","7","0","38000000"
"420111","","1","8","0","65000000"
"420111","","1","9","0","110000000"
"420111","","1","10","0","160000000"
"420111","","1","11","0","195000000"
"420112","","0","0","0","7000000"
"420112","","0","1","0","7000000"
"420112","","0","2","0","7000000"
"420112","","0","3","0","7000000"
"420112","","0","4","0","7000000"
"420112","","0","5","0","13500000"
"420112","","0","6","0","25000000"
"420112","","0","7","0","38000000"
"420112","","0","8","0","65000000"
"420112","","0","9","0","110000000"
"420112","","0","10","0","160000000"
"420112","","0","11","0","195000000"
"420112","","1","0","0","7000000"
"420112","","1","1","0","7000000"
"420112","","1","2","0","7000000"
"420112","","1","3","0","7000000"
"420112","","1","4","0","7000000"
"420112","","1","5","0","13500000"
"420112","","1","6","0","25000000"
"420112","","1","7","0","38000000"
"420112","","1","8","0","65000000"
"420112","","1","9","0","110000000"
"420112","","1","10","0","160000000"
"420112","","1","11","0","195000000"
"420113","","0","0","0","7000000"
"420113","","0","1","0","7000000"
"420113","","0","2","0","7000000"
"420113","","0","3","0","7000000"
"420113","","0","4","0","7000000"
"420113","","0","5","0","13500000"
"420113","","0","6","0","25000000"
"420113","","0","7","0","38000000"
"420113","","0","8","0","65000000"
"420113","","0","9","0","110000000"
"420113","","0","10","0","160000000"
"420113","","0","11","0","195000000"
"420113","","1","0","0","7000000"
"420113","","1","1","0","7000000"
"420113","","1","2","0","7000000"
"420113","","1","3","0","7000000"
"420113","","1","4","0","7000000"
"420113","","1","5","0","13500000"
"420113","","1","6","0","25000000"
"420113","","1","7","0","38000000"
"420113","","1","8","0","65000000"
"420113","","1","9","0","110000000"
"420113","","1","10","0","160000000"
"420113","","1","11","0","195000000"
"420114","","0","0","0","7000000"
"420114","","0","1","0","7000000"
"420114","","0","2","0","7000000"
"420114","","0","3","0","7000000"
"420114","","0","4","0","7000000"
"420114","","0","5","0","13500000"
"420114","","0","6","0","25000000"
"420114","","0","7","0","38000000"
"420114","","0","8","0","65000000"
"420114","","0","9","0","110000000"
"420114","","0","10","0","160000000"
"420114","","0","11","0","195000000"
"420114","","1","0","0","7000000"
"420114","","1","1","0","7000000"
"420114","","1","2","0","7000000"
"420114","","1","3","0","7000000"
"420114","","1","4","0","7000000"
"420114","","1","5","0","13500000"
"420114","","1","6","0","25000000"
"420114","","1","7","0","38000000"
"420114","","1","8","0","65000000"
"420114","","1","9","0","110000000"
"420114","","1","10","0","160000000"
"420114","","1","11","0","195000000"
"420115","","0","0","0","7000000"
"420115","","0","1","0","7000000"
"420115","","0","2","0","7000000"
"420115","","0","3","0","7000000"
"420115","","0","4","0","7000000"
"420115","","0","5","0","13500000"
"420115","","0","6","0","25000000"
"420115","","0","7","0","38000000"
"420115","","0","8","0","650000000"
"420115","","0","9","0","110000000"
"420115","","0","10","0","160000000"
"420115","","0","11","0","195000000"
"420115","","1","0","0","7000000"
"420115","","1","1","0","7000000"
"420115","","1","2","0","7000000"
"420115","","1","3","0","7000000"
"420115","","1","4","0","7000000"
"420115","","1","5","0","13500000"
"420115","","1","6","0","25000000"
"420115","","1","7","0","38000000"
"420115","","1","8","0","65000000"
"420115","","1","9","0","11000000"
"420115","","1","10","0","16000000"
"420115","","1","11","0","19500000"
"430000","","0","0","0","480000"
"430000","","1","0","0","480000"
"430001","","0","0","0","1000000"
"430001","","1","0","0","1000000"
"430002","","0","0","0","680000"
"430002","","1","0","0","680000"
"430003","","0","0","0","15000"
"430003","","1","0","0","15000"
"430004","","0","0","0","45000"
"430004","","1","0","0","45000"
"430009","","0","0","0","65000"
"430009","","1","0","0","65000"
