"mapid","locationname","startX","endX","startY","endY","monster_amount","drop_rate","underwater","markable","teleportable","escapable","resurrection","painwand","penalty","take_pets","recall_pets","usable_item","usable_skill"
"0","話せる島","32256","32767","32768","33279","1","1","0","1","1","1","1","1","1","1","1","1","1"
"1","話せる島ダンジョン1階","32576","32831","32704","32959","1","1","0","0","1","1","1","1","1","1","1","1","1"
"2","話せる島ダンジョン2階","32576","32895","32704","32959","1","1","0","0","0","1","1","1","1","1","1","1","1"
"3","ギュンターの家","32576","32831","32704","32959","1","1","0","0","1","1","1","1","1","1","1","1","1"
"4","本土","32512","34303","32064","33535","1","1","0","1","1","1","1","1","1","1","1","1","1"
"5","マルソム→本土倍","32704","32767","32768","32831","1","1","0","0","0","1","1","0","1","1","1","1","1"
"6","本土→マルソム行船","32704","32767","32768","32831","1","1","0","0","0","1","1","0","1","1","1","1","1"
"7","メインランドのダンジョン1階","32704","32831","32704","32831","1","1","0","0","1","1","1","1","1","1","1","1","1"
"8","メインランドのダンジョン2階","32704","32831","32704","32831","1","1","0","0","1","1","1","1","1","1","1","1","1"
"9","メインランドのダンジョン3階","32704","32831","32704","32831","1","1","0","0","1","1","1","1","1","1","1","1","1"
"10","メインランドのダンジョン4階","32704","32831","32704","32831","1","1","0","0","1","1","1","1","1","1","1","1","1"
"11","メインランドのダンジョン5階","32704","32831","32704","32831","1","1","0","0","1","1","1","1","1","1","1","1","1"
"12","メインランドのダンジョン6階","32704","32831","32704","32831","1","1","0","0","1","1","1","1","1","1","1","1","1"
"13","メインランドのダンジョン7階","32704","32831","32704","32831","1","1","0","0","1","1","1","1","1","1","1","1","1"
"14","地下通路","32512","33023","32768","32831","1","1","0","0","1","1","1","1","1","1","1","1","1"
"15","ケント耐性","32704","32767","32768","32831","1","1","0","0","1","1","1","1","1","1","1","1","1"
"16","ハーディンの研究室","32704","32767","32768","32831","1","1","0","0","1","1","1","1","1","1","1","1","1"
"17","フランネル派洞窟","32704","32767","32768","32831","1","1","0","0","1","1","1","1","1","1","1","1","1"
"18","デュペルゲノンダンジョン","32704","32767","32768","32831","1","1","0","0","1","1","1","1","1","1","1","1","1"
"19","エルフの森ダンジョン1階","32704","32831","32704","32831","1","1","0","0","1","1","1","1","1","1","1","1","1"
"20","エルフの森ダンジョン2階","32704","32831","32704","32831","1","1","0","0","1","1","1","1","1","1","1","1","1"
"21","エルフの森ダンジョン3階","32704","32831","32704","32831","1","1","0","0","0","1","1","1","1","1","1","1","1"
"22","がロッド試験ダンジョン","32704","32831","32704","32831","1","1","0","0","1","1","1","1","1","1","1","1","1"
"23","ウィンダウッド城のダンジョン1階","32704","32831","32704","32831","1","1","0","0","1","1","1","1","1","1","1","1","1"
"24","ウィンダウッド城のダンジョン2階","32704","32831","32704","32831","1","1","0","0","1","1","1","1","1","1","1","1","1"
"25","修練ケイブ1階","32704","32831","32704","32831","1","1","0","0","1","1","1","1","1","1","1","1","1"
"26","修練ケイブ2階","32704","32831","32704","32831","1","1","0","0","1","1","1","1","1","1","1","1","1"
"27","修練ケイブ3階","32704","32831","32704","32831","1","1","0","0","1","1","1","1","1","1","1","1","1"
"28","修練ケイブ4階","32704","32831","32704","32831","1","1","0","0","1","1","1","1","1","1","1","1","1"
"29","ウィンダウッド耐性","32704","32767","32768","32831","1","1","0","0","1","1","1","1","1","1","1","1","1"
"30","ドラゴンバレーダンジョン1階","32704","32831","32704","32831","1","1","0","0","1","1","1","1","1","1","1","1","1"
"31","ドラゴンバレーダンジョン2階","32704","32831","32704","32831","1","1","0","0","1","1","1","1","1","1","1","1","1"
"32","ドラゴンバレーダンジョン3階","32640","32767","32768","32895","1","1","0","0","1","1","1","1","1","1","1","1","1"
"33","ドラゴンバレーダンジョン4階","32640","32767","32768","32895","1","1","0","0","1","1","1","1","1","1","1","1","1"
"34","刑務所","32704","32831","32704","32831","1","1","0","0","0","0","1","0","0","0","0","0","0"
"35","ドラゴンバレーのダンジョン5階","32640","32767","32768","32895","1","1","0","0","1","1","1","1","1","1","1","1","1"
"36","ドラゴンバレーダンジョン6階","32640","32767","32768","32895","1","1","0","0","1","1","1","1","1","1","1","1","1"
"37","アンタラスの巣","32640","32767","32768","32895","1","1","0","0","0","0","1","1","1","1","1","1","1"
"38","殿堂入り","32704","32767","32768","32831","1","1","0","0","0","0","1","0","1","1","1","1","1"
"39","刑務所","32704","32767","32768","32831","1","1","0","0","0","0","1","0","0","0","0","0","0"
"40","殿堂入り","32704","32767","32768","32831","1","1","0","0","0","0","1","0","1","1","1","1","1"
"41","殿堂入り","32704","32767","32768","32831","1","1","0","0","0","0","1","0","1","1","1","1","1"
"42","名前なし(アデン狩り場のようなところ)","32512","32831","32704","33023","1","1","0","0","0","1","1","1","1","1","1","1","1"
"43","アリダンジョン","32704","32831","32704","32831","1","1","0","0","1","1","1","1","1","1","1","1","1"
"44","アリダンジョン","32704","32831","32704","32831","1","1","0","0","1","1","1","1","1","1","1","1","1"
"45","アリダンジョン","32704","32831","32704","32831","1","1","0","0","1","1","1","1","1","1","1","1","1"
"46","アリダンジョン","32704","32831","32704","32831","1","1","0","0","1","1","1","1","1","1","1","1","1"
"47","アリダンジョン","32704","32831","32704","32831","1","1","0","0","1","1","1","1","1","1","1","1","1"
"48","アリダンジョン","32704","32831","32704","32831","1","1","0","0","1","1","1","1","1","1","1","1","1"
"49","アリダンジョン","32704","32831","32704","32831","1","1","0","0","1","1","1","1","1","1","1","1","1"
"50","アリダンジョン","32704","32831","32704","32831","1","1","0","0","1","1","1","1","1","1","1","1","1"
"51","女王アリダンジョン","32640","32831","32704","32895","1","1","0","0","1","1","1","1","1","1","1","1","1"
"52","ギラン耐性","32640","32767","32768","32895","1","1","0","0","1","1","1","1","1","1","1","1","1"
"53","ギランダンジョン1階","32640","32895","32640","32895","1","1","0","0","1","1","1","1","1","1","1","1","1"
"54","ギランダンジョン2階","32640","32895","32640","32895","1","1","0","0","1","1","1","1","1","1","1","1","1"
"55","ギランダンジョン3階","32640","32831","32704","32959","1","1","0","0","1","1","1","1","1","1","1","1","1"
"56","ギランダンジョン4階","32640","32895","32640","32895","1","1","0","0","1","1","1","1","1","1","1","1","1"
"57","歌う島","32576","33023","32512","32959","1","1","0","0","1","1","1","0","1","0","0","1","1"
"58","隠された渓谷","32512","32831","32704","33023","1","1","0","0","1","1","1","0","1","0","0","1","1"
"59","水中ダンジョン1階","32640","32831","32768","32895","1","1","0","0","1","1","1","1","1","1","1","1","1"
"60","水中ダンジョン2階","32640","32767","32768","32959","1","1","0","0","1","1","1","1","1","1","1","1","1"
"61","水中ダンジョン3階","32640","32767","32768","32895","1","1","0","0","1","1","1","1","1","1","1","1","1"
"62","エヴァの神殿","32640","32767","32768","32895","1","1","0","0","1","1","1","1","1","1","1","1","1"
"63","エヴァの王国","32576","32895","32640","32959","1","1","1","0","1","1","1","0","1","1","1","1","1"
"64","ハイネ耐性","32512","32639","32768","32895","1","1","0","0","1","1","1","1","1","1","1","1","1"
"65","パプリオンの巣","32704","32831","32768","32895","1","1","1","0","0","0","1","1","1","0","0","1","1"
"66","ドワーフ性","32704","32895","32768","32959","1","1","0","1","0","1","1","1","1","1","1","1","1"
"67","ヴァラカスの巣","32640","32831","32704","32895","1","1","0","0","0","0","1","1","1","1","1","1","1"
"68","歌う島(new)削除","32576","33023","32512","32959","1","1","0","0","1","1","1","1","1","1","1","1","1"
"69","隠された谷(new)削除","32512","32831","32704","33023","1","1","0","0","1","1","1","1","1","1","1","1","1"
"70","忘れられた島","32576","33023","32640","33087","1","1","0","0","0","0","1","1","1","1","1","1","1"
"72","修正洞窟1階","32704","32895","32768","32895","1","1","0","0","0","1","1","1","1","1","1","1","1"
"73","修正洞窟2階","32704","32895","32704","32895","1","1","0","0","0","1","1","1","1","1","1","1","1"
"74","修正洞窟3階","32704","32895","32768","32959","1","1","0","0","0","1","1","1","1","1","1","1","1"
"75","象牙の塔1階","32704","32831","32768","32959","1","1","0","0","1","1","1","1","1","1","1","1","1"
"76","象牙の塔2階","32704","32831","32768","32895","1","1","0","0","1","1","1","1","1","1","1","1","1"
"77","象牙の塔3階","32704","32831","32768","32895","1","1","0","0","1","1","1","1","1","1","1","1","1"
"78","象牙の塔4階","32832","32959","32704","32831","1","1","0","0","1","1","1","1","1","1","1","1","1"
"79","象牙の塔5階","32704","32831","32768","32895","1","1","0","0","1","1","1","1","1","1","1","1","1"
"80","象牙の塔6階","32704","32831","32768","32895","1","1","0","0","1","1","1","1","1","1","1","1","1"
"81","象牙の塔7階","32704","32831","32768","32895","1","1","0","0","1","1","1","1","1","1","1","1","1"
"82","象牙の塔8階","32640","32767","32768","32895","1","1","0","0","1","1","1","1","1","1","1","1","1"
"83","本土→イッソム倍","32704","32767","32768","32831","1","1","0","0","0","1","1","0","1","1","1","1","1"
"84","イッソム→本土倍","32704","32767","32768","32831","1","1","0","0","0","1","1","0","1","1","1","1","1"
"85","歌う島のダンジョン - 削除","32576","32767","32704","32895","1","1","0","0","1","1","1","0","1","1","1","1","1"
"86","隠された渓谷の地下牢 - 削除","32768","32959","32704","32895","1","1","0","0","1","1","1","0","1","1","1","1","1"
"87","掘りの部屋","32704","32767","32768","32831","1","1","0","0","0","1","1","1","1","1","1","1","1"
"88","ギランコロシアム","33472","33535","32704","32767","1","1","0","0","0","1","0","1","1","1","0","1","1"
"89","ギランコロシアム","32640","32767","32832","32959","1","1","0","0","0","1","0","1","1","1","0","1","1"
"90","ギランコロシアム","32640","32767","32832","32959","1","1","0","0","0","1","0","1","1","1","0","1","1"
"91","話せる島コロシアム","32640","32767","32832","32959","1","1","0","0","0","1","0","1","1","0","0","1","1"
"92","グルーディンコロシアム","32640","32767","32832","32959","1","1","0","0","0","1","0","1","1","0","0","1","1"
"93","ケントコロシアム","32640","32767","32832","32959","1","1","0","0","0","1","0","1","1","1","0","1","1"
"94","ウィンダウッドコロシアム","32640","32767","32832","32959","1","1","0","0","0","1","0","1","1","1","0","1","1"
"95","はナイトの村コロシアム","32640","32767","32832","32959","1","1","0","0","0","1","0","1","1","0","0","1","1"
"96","華東コロシアム","32640","32767","32832","32959","1","1","0","0","0","1","0","1","1","1","0","1","1"
"97","ハイネコロシアム","32640","32767","32832","32959","1","1","0","0","0","1","0","1","1","1","0","1","1"
"98","ウェルダンコロシアム","32640","32767","32832","32959","1","1","0","0","0","1","0","1","1","0","0","1","1"
"99","Gm Room","32704","32767","32768","32831","1","1","0","0","0","0","1","0","1","0","0","1","1"
"100","性(グラフィック壊れところ)","32704","32831","32768","32895","1","1","0","0","1","1","1","1","1","1","1","1","1"
"101","傲慢の塔1階","32704","32895","32704","32895","1","1","0","0","0","1","1","1","1","1","1","1","1"
"102","傲慢の塔2階","32704","32895","32704","32895","1","1","0","0","0","1","1","1","1","1","1","1","1"
"103","傲慢の塔3階","32704","32895","32704","32895","1","1","0","0","0","1","1","1","1","1","1","1","1"
"104","傲慢の塔4階","32576","32767","32768","32959","1","1","0","0","0","1","1","1","1","1","1","1","1"
"105","傲慢の塔5階","32576","32767","32768","32959","1","1","0","0","0","1","1","1","1","1","1","1","1"
"106","傲慢の塔6階","32576","33855","32768","32959","1","1","0","0","0","1","1","1","1","1","1","1","1"
"107","傲慢の塔7階","32576","32767","32768","32959","1","1","0","0","0","1","1","1","1","1","1","1","1"
"108","傲慢の塔8階","32576","32767","32768","32959","1","1","0","0","0","1","1","1","1","1","1","1","1"
"109","傲慢の塔9階","32576","32767","32768","32959","1","1","0","0","0","1","1","1","1","1","1","1","1"
"110","傲慢の塔10階","32704","32895","32704","32895","1","1","0","0","0","1","1","1","1","1","1","1","1"
"111","傲慢の塔上層","32576","32831","32768","33023","1","1","0","0","0","1","1","1","1","1","1","1","1"
"112","傲慢の塔：12系","32704","32895","32704","32895","1","1","0","0","0","1","1","1","1","1","1","1","1"
"113","傲慢の塔：13系","32704","32895","32704","32895","1","1","0","0","0","1","1","1","1","1","1","1","1"
"114","傲慢の塔：14系","32576","32767","32768","32959","1","1","0","0","0","1","1","1","1","1","1","1","1"
"115","傲慢の塔15系","32576","32767","32768","32959","1","1","0","0","0","1","1","1","1","1","1","1","1"
"116","傲慢の塔：16系","32704","32831","32832","32895","1","1","0","0","0","1","1","1","1","1","1","1","1"
"117","傲慢の塔：17系","32576","32767","32768","32959","1","1","0","0","0","1","1","1","1","1","1","1","1"
"118","傲慢の塔：18系","32576","32767","32768","32959","1","1","0","0","0","1","1","1","1","1","1","1","1"
"119","傲慢の塔：19系","32576","32767","32768","32959","1","1","0","0","0","1","1","1","1","1","1","1","1"
"120","傲慢の塔20系","32704","32895","32704","32895","1","1","0","0","0","1","1","1","1","1","1","1","1"
"121","傲慢の塔：21系","32576","32767","32768","32959","1","1","0","0","0","1","1","1","1","1","1","1","1"
"122","傲慢の塔：22系","32704","32895","32704","32895","1","1","0","0","0","1","1","1","1","1","1","1","1"
"123","傲慢の塔：23系","32704","32895","32704","32895","1","1","0","0","0","1","1","1","1","1","1","1","1"
"124","傲慢の塔：24系","32576","32767","32768","32959","1","1","0","0","0","1","1","1","1","1","1","1","1"
"125","傲慢の塔：25系","32576","32767","32768","32959","1","1","0","0","0","1","1","1","1","1","1","1","1"
"126","傲慢の塔：26系","32704","32831","32832","32895","1","1","0","0","0","1","1","1","1","1","1","1","1"
"127","傲慢の塔：27系","32576","32767","32768","32959","1","1","0","0","0","1","1","1","1","1","1","1","1"
"128","傲慢の塔：28系","32576","32767","32768","32959","1","1","0","0","0","1","1","1","1","1","1","1","1"
"129","傲慢の塔：29系","32576","32767","32768","32959","1","1","0","0","0","1","1","1","1","1","1","1","1"
"130","傲慢の塔30系","32704","32895","32704","32895","1","1","0","0","0","1","1","1","1","1","1","1","1"
"131","傲慢の塔：31系","32576","32767","32768","32959","1","1","0","0","0","1","1","1","1","1","1","1","1"
"132","傲慢の塔：32系","32704","32895","32704","32895","1","1","0","0","0","1","1","1","1","1","1","1","1"
"133","傲慢の塔：33系","32704","32895","32704","32895","1","1","0","0","0","1","1","1","1","1","1","1","1"
"134","傲慢の塔：34系","32576","32767","32768","32959","1","1","0","0","0","1","1","1","1","1","1","1","1"
"135","傲慢の塔35系","32576","32767","32768","32959","1","1","0","0","0","1","1","1","1","1","1","1","1"
"136","傲慢の塔：36系","32704","32831","32832","32895","1","1","0","0","0","1","1","1","1","1","1","1","1"
"137","傲慢の塔：37系","32576","32767","32768","32959","1","1","0","0","0","1","1","1","1","1","1","1","1"
"138","傲慢の塔：38系","32576","32767","32768","32959","1","1","0","0","0","1","1","1","1","1","1","1","1"
"139","傲慢の塔：39系","32576","32767","32768","32959","1","1","0","0","0","1","1","1","1","1","1","1","1"
"140","傲慢の塔40系","32704","32895","32704","32895","1","1","0","0","0","1","1","1","1","1","1","1","1"
"141","傲慢の塔：41系","32576","32767","32768","32959","1","1","0","0","0","1","1","1","1","1","1","1","1"
"142","傲慢の塔：42系","32704","32895","32704","32895","1","1","0","0","0","1","1","1","1","1","1","1","1"
"143","傲慢の塔：43系","32704","32895","32704","32895","1","1","0","0","0","1","1","1","1","1","1","1","1"
"144","傲慢の塔：44系","32576","32767","32768","32959","1","1","0","0","0","1","1","1","1","1","1","1","1"
"145","傲慢の塔45系","32576","32767","32768","32959","1","1","0","0","0","1","1","1","1","1","1","1","1"
"146","傲慢の塔：46系","32576","32831","32768","32959","1","1","0","0","0","1","1","1","1","1","1","1","1"
"147","傲慢の塔：47系","32576","32767","32768","32959","1","1","0","0","0","1","1","1","1","1","1","1","1"
"148","傲慢の塔：48系","32576","32767","32768","32959","1","1","0","0","0","1","1","1","1","1","1","1","1"
"149","傲慢の塔：49系","32576","32767","32768","32959","1","1","0","0","0","1","1","1","1","1","1","1","1"
"150","傲慢の塔50系","32704","32895","32704","32895","1","1","0","0","0","1","1","1","1","1","1","1","1"
"151","傲慢の塔：51系","32576","32767","32768","32959","1","1","0","0","0","1","1","1","1","1","1","1","1"
"152","傲慢の塔：52系","32576","32767","32768","32959","1","1","0","0","0","1","1","1","1","1","1","1","1"
"153","傲慢の塔：53系","32576","32767","32768","32959","1","1","0","0","0","1","1","1","1","1","1","1","1"
"154","傲慢の塔：54系","32704","32895","32704","32895","1","1","0","0","0","1","1","1","1","1","1","1","1"
"155","傲慢の塔：55系","32704","32895","32704","32895","1","1","0","0","0","1","1","1","1","1","1","1","1"
"156","傲慢の塔：56系","32704","32831","32768","32831","1","1","0","0","0","1","1","1","1","1","1","1","1"
"157","傲慢の塔：57系","32576","32767","32768","32959","1","1","0","0","0","1","1","1","1","1","1","1","1"
"158","傲慢の塔：58系","32576","32767","32768","32959","1","1","0","0","0","1","1","1","1","1","1","1","1"
"159","傲慢の塔：59系","32576","32767","32768","32959","1","1","0","0","0","1","1","1","1","1","1","1","1"
"160","傲慢の塔60系","32576","32767","32768","32959","1","1","0","0","0","1","1","1","1","1","1","1","1"
"161","傲慢の塔：61系","32576","32767","32768","32959","1","1","0","0","0","1","1","1","1","1","1","1","1"
"162","傲慢の塔：62系","32576","32767","32768","32959","1","1","0","0","0","1","1","1","1","1","1","1","1"
"163","傲慢の塔：63系","32576","32767","32768","32959","1","1","0","0","0","1","1","1","1","1","1","1","1"
"164","傲慢の塔：64系","32704","32895","32704","32895","1","1","0","0","0","1","1","1","1","1","1","1","1"
"165","傲慢の塔：65系","32704","32895","32704","32895","1","1","0","0","0","1","1","1","1","1","1","1","1"
"166","傲慢の塔：66系","32704","32831","32768","32831","1","1","0","0","0","1","1","1","1","1","1","1","1"
"167","傲慢の塔：67系","32576","32767","32768","32959","1","1","0","0","0","1","1","1","1","1","1","1","1"
"168","傲慢の塔：68系","32576","32767","32768","32959","1","1","0","0","0","1","1","1","1","1","1","1","1"
"169","傲慢の塔：69系","32576","32767","32768","32959","1","1","0","0","0","1","1","1","1","1","1","1","1"
"170","傲慢の塔：70系","32576","32767","32768","32959","1","1","0","0","0","1","1","1","1","1","1","1","1"
"171","傲慢の塔：71系","32576","32767","32768","32959","1","1","0","0","0","1","1","1","1","1","1","1","1"
"172","傲慢の塔：72系","32576","32767","32768","32959","1","1","0","0","0","1","1","1","1","1","1","1","1"
"173","傲慢の塔：73系","32576","32767","32768","32959","1","1","0","0","0","1","1","1","1","1","1","1","1"
"174","傲慢の塔：74系","32704","32895","32704","32895","1","1","0","0","0","1","1","1","1","1","1","1","1"
"175","傲慢の塔：75系","32704","32895","32704","32895","1","1","0","0","0","1","1","1","1","1","1","1","1"
"176","傲慢の塔：76系","32704","32831","32768","32831","1","1","0","0","0","1","1","1","1","1","1","1","1"
"177","傲慢の塔：77系","32576","32767","32768","32959","1","1","0","0","0","1","1","1","1","1","1","1","1"
"178","傲慢の塔：78系","32576","32767","32768","32959","1","1","0","0","0","1","1","1","1","1","1","1","1"
"179","傲慢の塔：79系","32576","32767","32768","32959","1","1","0","0","0","1","1","1","1","1","1","1","1"
"180","傲慢の塔：80系","32576","32767","32768","32959","1","1","0","0","0","1","1","1","1","1","1","1","1"
"181","傲慢の塔：81系","32576","32767","32768","32959","1","1","0","0","0","1","1","1","1","1","1","1","1"
"182","傲慢の塔：82系","32576","32767","32768","32959","1","1","0","0","0","1","1","1","1","1","1","1","1"
"183","傲慢の塔：83系","32576","32767","32768","32959","1","1","0","0","0","1","1","1","1","1","1","1","1"
"184","傲慢の塔：84系","32704","32895","32704","32895","1","1","0","0","0","1","1","1","1","1","1","1","1"
"185","傲慢の塔：85系","32704","32895","32704","32895","1","1","0","0","0","1","1","1","1","1","1","1","1"
"186","傲慢の塔：86系","32704","32831","32768","32831","1","1","0","0","0","1","1","1","1","1","1","1","1"
"187","傲慢の塔：87系","32576","32767","32768","32959","1","1","0","0","0","1","1","1","1","1","1","1","1"
"188","傲慢の塔：88系","32576","32767","32768","32959","1","1","0","0","0","1","1","1","1","1","1","1","1"
"189","傲慢の塔：89系","32576","32767","32768","32959","1","1","0","0","0","1","1","1","1","1","1","1","1"
"190","傲慢の塔：90系","32576","32767","32768","32959","1","1","0","0","0","1","1","1","1","1","1","1","1"
"191","傲慢の塔：91系","32576","32767","32768","32959","1","1","0","0","0","1","1","1","1","1","1","1","1"
"192","傲慢の塔：92系","32576","32767","32768","32959","1","1","0","0","0","1","1","1","1","1","1","1","1"
"193","傲慢の塔：93系","32576","32767","32768","32959","1","1","0","0","0","1","1","1","1","1","1","1","1"
"194","傲慢の塔：94系","32704","32895","32704","32895","1","1","0","0","0","1","1","1","1","1","1","1","1"
"195","傲慢の塔：95系","32704","32895","32704","32895","1","1","0","0","0","1","1","1","1","1","1","1","1"
"196","傲慢の塔：96系","32704","32831","32768","32831","1","1","0","0","0","1","1","1","1","1","1","1","1"
"197","傲慢の塔：97系","32576","32767","32768","32959","1","1","0","0","0","1","1","1","1","1","1","1","1"
"198","傲慢の塔：98系","32576","32767","32768","32959","1","1","0","0","0","1","1","1","1","1","1","1","1"
"199","傲慢の塔：99系","32576","32767","32768","32959","1","1","0","0","0","1","1","1","1","1","1","1","1"
"200","傲慢の塔：100系","32576","32831","32768","33023","1","1","0","0","0","1","1","1","1","1","1","1","1"
"201","ウィザードクエストダンジョン","32640","33535","32704","32959","1","1","0","0","0","1","1","1","1","1","1","1","1"
"202","Unknown","32640","33535","32704","32895","1","1","0","0","0","1","1","1","1","1","1","1","1"
"203","Unknown","32640","33535","32704","32895","1","1","0","0","0","1","1","1","1","1","1","1","1"
"204","Unknown","32640","33535","32704","32895","1","1","0","0","0","1","1","1","1","1","1","1","1"
"205","Unknown","32640","33535","32704","32895","1","1","0","0","1","1","1","0","1","1","1","1","1"
"206","Unknown","32640","33535","32704","32895","1","1","0","0","1","1","1","0","1","1","1","1","1"
"207","Unknown","32640","33535","32704","32895","1","1","0","0","1","1","1","0","1","1","1","1","1"
"208","Unknown","32640","33535","32704","32895","1","1","0","0","1","1","1","0","1","1","1","1","1"
"209","ダークエルフのダンジョン","32640","33535","32704","32895","1","1","0","0","0","1","1","1","1","1","1","1","1"
"210","ダークエルフのダンジョン","32640","33535","32704","32895","1","1","0","0","0","1","1","1","1","1","1","1","1"
"211","ダークエルフのダンジョン","32640","33535","32704","32895","1","1","0","0","0","1","1","1","1","1","1","1","1"
"213","ダークエルフクエストダンジョン","32704","32767","32768","32831","1","1","0","0","0","1","1","1","1","1","1","1","1"
"217","変種アリダンジョン","32640","32767","32768","32831","1","1","0","0","0","1","1","1","1","1","1","1","1"
"221","がロッド試験ダンジョン","32704","32831","32704","32831","1","1","0","0","0","1","1","1","1","1","1","1","1"
"237","ジムダンジョン","32704","32767","32768","32831","1","1","0","0","0","1","1","1","1","1","1","1","1"
"240","ケント城ダンジョン1階","32640","32767","33024","33151","1","1","0","0","0","1","1","1","1","1","1","1","1"
"241","ケント城ダンジョン2階","32704","32831","32832","32959","1","1","0","0","0","1","1","1","1","1","1","1","1"
"242","ケント城ダンジョン3階","32704","32831","32896","33023","1","1","0","0","0","1","1","1","1","1","1","1","1"
"243","ケント城ダンジョン4階","32640","32767","32832","33023","1","1","0","0","0","1","1","1","1","1","1","1","1"
"244","汚染された祝福の地","32704","33023","32768","33087","1","1","0","0","0","1","1","1","1","1","1","1","1"
"248","ギラン城ダンジョン1階","32704","32831","32768","32895","1","1","0","0","0","1","1","1","1","1","1","1","1"
"249","ギラン城ダンジョン2階","32704","32831","32832","32895","1","1","0","0","0","1","1","1","1","1","1","1","1"
"250","ギラン城ダンジョン3階","32704","32831","32768","32895","1","1","0","0","0","1","1","1","1","1","1","1","1"
"251","ギラン城ダンジョン：伯爵の部屋","32768","32831","32768","32831","1","1","0","0","0","1","1","1","1","1","1","1","1"
"252","ハイネ城ダンジョン1階","32576","32767","32832","32895","1","1","0","0","0","1","1","1","1","1","1","1","1"
"253","ハイネ城ダンジョン2階","32704","32831","32832","33023","1","1","1","0","0","1","1","1","1","1","1","1","1"
"254","バルバドスの隠れ家","32576","32767","32768","32959","1","1","0","0","0","1","1","1","1","1","1","1","1"
"255","ドワーフ鉱山","32640","32831","32768","32895","1","1","0","0","0","1","1","1","1","1","1","1","1"
"256","荒野","32640","32895","32768","33023","1","1","0","0","0","1","1","1","1","1","1","1","1"
"257","アデン城ダンジョン1階","32640","32831","32768","32831","1","1","0","0","0","1","1","1","1","1","1","1","1"
"258","アデン城ダンジョン2階","32640","32831","32768","33151","1","1","0","0","0","1","1","1","1","1","1","1","1"
"259","アデン城ダンジョン3階","32704","32767","32768","32959","1","1","0","0","0","1","1","1","1","1","1","1","1"
"260","オーク耐性リニューアル","32768","32831","32832","32895","1","1","0","0","1","1","1","1","1","1","1","1","1"
"261","第1オーク部隊の前哨基地","32704","32895","32768","32959","1","1","0","0","0","1","1","1","1","1","1","1","1"
"262","隠された第1オーク部隊の前哨基地","32704","32895","32768","32959","1","1","0","0","0","1","1","1","1","1","1","1","1"
"263","第2オーク部隊の前哨基地","32704","32895","32768","32959","1","1","0","0","0","1","1","1","1","1","1","1","1"
"264","第3オーク部隊の前哨基地","32704","32895","32768","32959","1","1","0","0","0","1","1","1","1","1","1","1","1"
"265","第4オーク部隊の前哨基地","32704","32895","32768","32959","1","1","0","0","0","1","1","1","1","1","1","1","1"
"266","第5オーク部隊の前哨基地","32704","32895","32768","32959","1","1","0","0","0","1","1","1","1","1","1","1","1"
"267","隠された第2オーク部隊の前哨基地","32704","32895","32768","32959","1","1","0","0","0","1","1","1","1","1","1","1","1"
"268","第6オーク部隊の前哨基地","32704","32895","32768","32959","1","1","0","0","0","1","1","1","1","1","1","1","1"
"269","第7オーク部隊の前哨基地","32704","32895","32768","32959","1","1","0","0","0","1","1","1","1","1","1","1","1"
"270","象牙の塔の秘密研究所","32704","32767","32768","32831","1","1","0","0","0","1","1","1","1","1","1","1","1"
"271","水晶の洞窟","32704","32831","32768","32895","1","1","0","0","0","1","1","1","1","1","1","1","1"
"272","水晶の洞窟","32704","32831","32768","32895","1","1","0","0","0","1","1","1","1","1","1","1","1"
"273","水晶の洞窟","32704","32831","32768","32895","1","1","0","0","0","1","1","1","1","1","1","1","1"
"274","水晶の洞窟","32704","32831","32768","32895","1","1","0","0","0","1","1","1","1","1","1","1","1"
"275","水晶の洞窟","32704","32831","32768","32895","1","1","0","0","0","1","1","1","1","1","1","1","1"
"276","水晶の洞窟","32704","32831","32768","32895","1","1","0","0","0","1","1","1","1","1","1","1","1"
"277","水晶の洞窟","32704","32831","32768","32895","1","1","0","0","0","1","1","1","1","1","1","1","1"
"278","水晶の洞窟2階","32704","32895","32768","32895","1","1","0","0","0","1","1","1","1","1","1","1","1"
"279","第8オーク部隊の前哨基地","32704","32895","32768","32959","1","1","0","0","0","1","1","1","1","1","1","1","1"
"280","象牙の塔：バルログ陣営4階","32832","32959","32704","32831","1","1","0","0","1","1","1","1","1","1","1","1","1"
"281","象牙の塔：バルログ陣営5階","32704","32831","32768","32895","1","1","0","0","1","1","1","1","1","1","1","1","1"
"282","象牙の塔：バルログ陣営6階","32704","32831","32768","32895","1","1","0","0","1","1","1","1","1","1","1","1","1"
"283","象牙の塔：バルログ陣営7階","32704","32831","32768","32895","1","1","0","0","0","1","1","1","1","1","1","1","1"
"284","象牙の塔：バルログ陣営8階","32640","32767","32768","32895","1","1","0","0","0","1","1","1","1","1","1","1","1"
"285","象牙の塔：ヤヒ陣営4階(PC)","32832","32959","32704","32831","1","1","0","0","1","1","1","1","1","1","1","1","1"
"286","象牙の塔：ヤヒ陣営5階(PC)","32704","32831","32768","32895","1","1","0","0","1","1","1","1","1","1","1","1","1"
"287","象牙の塔：ヤヒ陣営6階(PC)","32704","32831","32768","32895","1","1","0","0","1","1","1","1","1","1","1","1","1"
"288","象牙の塔：ヤヒ陣営7階(PC)","32704","32831","32768","32895","1","1","0","0","1","1","1","1","1","1","1","1","1"
"289","象牙の塔：ヤヒ陣営8階(PC)","32640","32767","32768","32895","1","1","0","0","1","1","1","1","1","1","1","1","1"
"290","隠された第3オーク部隊の前哨基地","32704","32895","32768","32959","1","1","0","0","0","1","1","1","1","1","1","1","1"
"291","隠された第4オーク部隊の前哨基地","32704","32895","32768","32959","1","1","0","0","0","1","1","1","1","1","1","1","1"
"300","アデン耐性","32832","32959","32448","32639","1","1","0","0","1","1","1","1","1","1","1","1","1"
"301","地下水に","32640","32767","32768","32959","1","1","0","0","1","1","1","1","1","1","1","1","1"
"302","セピアのダンジョン","32704","32767","32832","32895","1","1","0","0","0","1","1","1","1","1","1","1","1"
"303","夢幻の島","32576","32895","32576","32895","1","1","0","0","1","0","0","1","0","1","1","1","1"
"304","沈黙の洞窟","32576","32959","32704","33023","1","1","0","1","1","1","1","1","1","1","1","1","1"
"305","ブルーデジカメ巣窟","32704","32767","32768","32831","1","1","0","0","1","1","1","1","1","1","1","1","1"
"306","ダークエルフクエストダンジョン","32512","32767","32768","32959","1","1","0","0","0","1","1","1","1","1","1","1","1"
"307","地下侵攻路1階","32704","32959","32768","32959","1","1","0","0","1","1","1","1","1","1","1","1","1"
"308","地下侵攻路2階","32704","33023","32768","32959","1","1","0","0","1","1","1","1","1","1","1","1","1"
"309","地下侵攻路3階","32704","33087","32768","32959","1","1","0","0","1","1","1","1","1","1","1","1","1"
"310","オームダンジョン","32704","32895","32768","32959","1","1","0","0","0","1","1","1","1","1","1","1","1"
"320","ディアド要塞","32640","33087","32704","33023","1","1","0","0","0","1","1","1","1","1","1","1","1"
"330","ブラックミスリル鉱山","32704","32767","32832","33023","1","1","0","0","1","1","1","1","1","1","1","1","1"
"340","グルーディン市場","32640","32831","32704","32895","1","1","0","0","0","1","1","0","1","0","0","1","1"
"350","ギラン市場","32640","32767","32768","32895","1","1","0","0","0","1","1","0","1","0","0","1","1"
"360","オーレン市場","32704","32767","32768","32831","1","1","0","0","0","1","1","0","1","0","0","1","1"
"370","はナイトの村の市場","32704","32767","32768","32831","1","1","0","0","0","1","1","0","1","0","0","1","1"
"371","思い出の話せる島","32256","32767","32768","33279","1","1","0","0","0","1","1","1","1","1","1","1","1"
"400","大空洞レジスタンス地域","32512","33023","32576","33023","1","1","0","0","0","1","1","1","1","1","1","1","1"
"401","大空洞隠れ里地域","32704","32831","32768","32895","1","1","0","0","0","1","1","1","1","1","1","1","1"
"410","魔族の神殿","32704","32959","32768","33023","1","1","0","0","0","1","1","1","1","1","1","1","1"
"420","地底湖","32704","32831","32832","33087","1","1","1","0","1","1","1","1","1","0","0","1","1"
"430","精霊の墓","32704","32959","32768","33023","1","1","0","0","0","1","1","1","1","1","1","1","1"
"440","海賊島：前半部","32256","32767","32768","33279","1","1","0","0","1","1","1","1","1","1","1","1","1"
"441","海賊島のダンジョン1階","32640","32831","32704","32895","1","1","0","0","1","1","1","1","1","1","1","1","1"
"442","海賊島のダンジョン2階","32704","32895","32704","32895","1","1","0","0","1","1","1","1","1","1","1","1","1"
"443","海賊島のダンジョン3階","32704","32895","32704","32895","1","1","0","0","1","1","1","1","1","1","1","1","1"
"444","海賊島のダンジョン4階","32704","32767","32768","32831","1","1","0","0","0","1","1","1","1","1","1","1","1"
"445","隠された船着場","32704","32831","32832","32895","1","1","0","0","0","1","1","1","1","1","1","1","1"
"446","海賊島→隠された船着場船","32704","32767","32768","32831","1","1","0","0","0","1","1","0","1","1","1","1","1"
"447","隠された船着場→海賊島倍","32704","32767","32768","32831","1","1","0","0","0","1","1","0","1","1","1","1","1"
"450","ラスタバド城：正門","32576","32831","32768","32959","1","1","0","0","1","1","1","1","1","1","1","1","1"
"451","ラスタバド城：集会場1F","32704","32895","32704","32895","1","1","0","0","1","1","1","1","1","1","1","1","1"
"452","ラスタバド城：突撃隊訓練場1F","32704","32831","32768","32895","1","1","0","0","1","1","1","1","1","1","1","1","1"
"453","ラスタバド城：魔獣軍王の執務室1F","32704","32895","32704","32895","1","1","0","0","1","1","1","1","1","1","1","1","1"
"454","ラスタバド城：獣ジョギョシル1F","32704","32895","32704","32895","1","1","0","0","1","1","1","1","1","1","1","1","1"
"455","ラスタバド城：獣訓練室1F","32704","32895","32768","32895","1","1","0","0","1","1","1","1","1","1","1","1","1"
"456","ラスタバド城：魔獣召喚室1F","32704","32831","32768","32895","1","1","0","0","1","1","1","1","1","1","1","1","1"
"457","ラスタバド城：闇の結界1F","32640","32767","32768","32895","1","1","0","0","1","1","1","1","1","1","1","1","1"
"460","ラスタバド城：黒魔法の訓練場2F","32704","32895","32768","32895","1","1","0","0","1","1","1","1","1","1","1","1","1"
"461","ラスタバド城：黒魔法研究室2F","32640","32895","32768","32895","1","1","0","0","1","1","1","1","1","1","1","1","1"
"462","ラスタバド城：魔霊国王の執務室2F","32640","32895","32768","32895","1","1","0","0","1","1","1","1","1","1","1","1","1"
"463","ラスタバド城：魔霊軍王の書斎2F","32704","32831","32768","32895","1","1","0","0","1","1","1","1","1","1","1","1","1"
"464","ラスタバド城：精霊召喚室2F","32704","32831","32768","32895","1","1","0","0","1","1","1","1","1","1","1","1","1"
"465","ラスタバド城：精霊の生息地2F","32704","32831","32768","32895","1","1","0","0","1","1","1","1","1","1","1","1","1"
"466","ラスタバド城：闇の精霊研究室2F","32704","32831","32768","32895","1","1","0","0","1","1","1","1","1","1","1","1","1"
"467","ラスタバド城：闇の結界2F","32640","32767","32768","32895","1","1","0","0","1","1","1","1","1","1","1","1","1"
"468","ラスタバド城：闇の結界2F","32576","32703","32832","32959","1","1","0","0","1","1","1","1","1","1","1","1","1"
"470","ラスタバド城：悪霊の祭壇3F","32640","32895","32768","32895","1","1","0","0","1","1","1","1","1","1","1","1","1"
"471","ラスタバド城：デビルロードの祭壇3F","32704","32831","32768","32895","1","1","0","0","1","1","1","1","1","1","1","1","1"
"472","ラスタバド城：傭兵訓練場3F","32640","32831","32704","32895","1","1","0","0","1","1","1","1","1","1","1","1","1"
"473","ラスタバド城：人ボプグンの訓練場3F","32704","32959","32768","32895","1","1","0","0","1","1","1","1","1","1","1","1","1"
"474","ラスタバド城：オーム実験室3F","32704","32831","32768","32895","1","1","0","0","1","1","1","1","1","1","1","1","1"
"475","ラスタバド城：冥法軍王の執務室3F","32640","32831","32768","32895","1","1","0","0","1","1","1","1","1","1","1","1","1"
"476","ラスタバド城：中央管制室3F","32704","32831","32704","32895","1","1","0","0","1","1","1","1","1","1","1","1","1"
"477","ラスタバド城：デビルロードのための病室3F","32704","32831","32768","32959","1","1","0","0","1","1","1","1","1","1","1","1","1"
"478","ラスタバド城：統制区域3F","32640","32831","32704","32895","1","1","0","0","1","1","1","1","1","1","1","1","1"
"479","ラスタバド中央広場","32704","32959","32640","32895","1","1","0","0","1","1","1","1","1","1","1","1","1"
"480","海賊島：後半","32640","32895","32768","33023","1","1","0","0","0","1","1","1","1","1","1","1","1"
"481","カミラの部屋","32704","32767","32768","32895","1","1","0","0","0","1","1","1","1","1","1","1","1"
"482","フランコの迷路","32640","32831","32704","32895","1","1","0","0","1","1","1","1","1","1","1","1","1"
"483","ディエゴの閉鎖刑務所","32704","32831","32768","32959","1","1","0","0","1","1","1","1","1","1","1","1","1"
"484","ホセの地下牢","32704","32831","32768","32895","1","1","0","0","1","1","1","1","1","1","1","1","1"
"490","ラスタバド城：地下訓練場","32640","32767","32768","32895","1","1","0","0","1","1","1","1","1","1","1","1","1"
"491","ラスタバド城：地下通路","32640","32767","32704","32895","1","1","0","0","1","1","1","1","1","1","1","1","1"
"492","ラスタバド城：暗殺軍王の執務室","32704","32895","32768","32895","1","1","0","0","1","1","1","1","1","1","1","1","1"
"493","ラスタバド城：地下管制室","32704","32831","32704","32831","1","1","0","0","1","1","1","1","1","1","1","1","1"
"494","ラスタバド城：地下処刑場","32768","32895","32704","32831","1","1","0","0","1","1","1","1","1","1","1","1","1"
"495","ラスタバド城：地下決闘","32704","32895","32704","32895","1","1","0","0","1","1","1","1","1","1","1","1","1"
"496","ラスタバド城：ダンジョン","32768","32895","32768","32895","1","1","0","0","1","1","1","1","1","1","1","1","1"
"500","KR_Event","32704","32767","32768","32831","1","1","0","0","0","1","1","1","1","1","1","1","1"
"501","KR_Event","32576","33215","32576","32959","1","1","0","0","0","1","1","1","1","1","1","1","1"
"502","KR_Event","32576","33215","32576","32959","1","1","0","0","1","1","1","1","1","1","1","1","1"
"503","KR_Event","32576","33215","32576","32959","1","1","0","0","0","1","1","1","1","1","1","1","1"
"504","KR_Event","32576","33215","32576","32959","1","1","0","0","0","1","1","1","1","1","1","1","1"
"505","KR_Event","32576","33215","32576","32959","1","1","0","0","0","1","1","1","1","1","1","1","1"
"506","KR_Event","32576","33215","32576","32959","1","1","0","0","0","1","1","1","1","1","1","1","1"
"507","KR_Event","32704","33023","32768","32959","1","1","0","0","1","1","1","1","1","1","1","1","1"
"508","KR_Event","32768","32895","33088","33215","1","1","0","0","0","1","1","1","1","1","1","1","1"
"509","カオス大戦","32704","32767","32768","32831","1","1","0","0","0","1","1","1","1","1","1","1","1"
"511","KR_Event","32576","33215","32576","32895","1","1","0","0","0","1","1","1","1","1","1","1","1"
"512","KR_Event","32576","33215","32576","32895","1","1","0","0","0","1","1","1","1","1","1","1","1"
"513","KR_Event","32576","33215","32576","32895","1","1","0","0","0","1","1","1","1","1","1","1","1"
"514","KR_Event","32576","33215","32576","32895","1","1","0","0","0","1","1","1","1","1","1","1","1"
"515","KR_Event","32576","33215","32576","32895","1","1","0","0","0","1","1","1","1","1","1","1","1"
"516","KR_Event","32576","33215","32576","32895","1","1","0","0","0","1","1","1","1","1","1","1","1"
"518","名前なし(竜関連)","32640","32831","32704","32895","1","1","0","0","0","1","1","1","1","1","1","1","1"
"521","影の神殿外郭","32576","32767","32832","33023","1","1","0","0","0","1","1","1","1","1","1","1","1"
"522","影の神殿1階","32576","32831","32832","32959","1","1","0","0","1","1","1","1","1","1","1","1","1"
"523","影の神殿2階","32576","32831","32832","32959","1","1","0","0","1","1","1","1","1","1","1","1","1"
"524","影の神殿3階","32576","32831","32832","32959","1","1","0","0","1","1","1","1","1","1","1","1","1"
"530","ラスタバド城：グランカインの神殿/ケイ私の部屋","32704","32959","32768","32959","1","1","0","0","1","1","1","1","1","1","1","1","1"
"531","ラスタバド城：ビアタス/右メス/エンディアスの部屋","32704","32895","32704","32959","1","1","0","0","1","1","1","1","1","1","1","1","1"
"532","ラスタバド城：ガーデン/イデアの部屋","32704","32895","32768","32895","1","1","0","0","1","1","1","1","1","1","1","1","1"
"533","ラスタバド城：ティアメス/ラミアス/まさにドの部屋","32704","32895","32768","33023","1","1","0","0","1","1","1","1","1","1","1","1","1"
"534","ラスタバド城：カサンドラ/ダンテスの部屋","32704","32959","32768","32895","1","1","0","0","1","1","1","1","1","1","1","1","1"
"535","ダークエルフの聖地","32576","32895","32704","33023","1","1","0","0","0","1","1","1","1","1","1","1","1"
"536","ラスタバド城：4階入り口(3階暗黒の結界)","32704","32831","32704","32895","1","1","0","0","1","1","1","1","1","1","1","1","1"
"537","呪われたダークエルフの聖地","32768","32895","32768","32959","1","1","0","0","0","1","0","1","0","1","1","1","1"
"541","アリの巣アルバンA","32704","32767","32768","32895","1","1","0","0","1","1","1","1","1","1","1","1","1"
"542","アリの巣アルバンB","32704","32767","32768","32895","1","1","0","0","1","1","1","1","1","1","1","1","1"
"543","女王アリカキ","32704","32895","32704","32895","1","1","0","0","1","1","1","1","1","1","1","1","1"
"550","船の墓場：地上層","32384","32895","32640","33151","1","1","0","0","0","1","1","1","1","1","1","1","1"
"551","船の墓場：船内","32640","32767","32768","32895","1","1","0","0","0","1","1","1","1","1","1","1","1"
"552","船の墓場：船内","32704","32767","32768","32895","1","1","1","0","0","1","1","1","1","0","0","1","1"
"553","船の墓場：船内","32704","32831","32768","32895","1","1","0","0","0","1","1","1","1","1","1","1","1"
"554","船の墓場：船内","32704","32831","32768","32895","1","1","0","0","0","1","1","1","1","1","1","1","1"
"555","船の墓場：船内","32704","32767","32768","32895","1","1","1","0","0","1","1","1","1","0","0","1","1"
"556","船の墓場：船内","32704","32831","32768","32895","1","1","0","0","0","1","1","1","1","1","1","1","1"
"557","船の墓場：船内","32704","32831","32768","32895","1","1","1","0","0","1","1","1","1","0","0","1","1"
"558","船の墓場：深海層","32704","33215","32768","33279","1","1","1","0","1","1","1","1","1","0","0","1","1"
"600","欲望の洞窟外郭","32704","32831","32768","32831","1","1","0","0","1","1","1","1","1","1","1","1","1"
"601","欲望の洞窟ロビー","32704","32895","32768","32895","1","1","0","0","1","1","1","1","1","1","1","1","1"
"602","バルログ謁見所","32640","32767","32768","32895","1","1","0","0","1","1","1","1","1","1","1","1","1"
"603","バルログのアジト","32640","32767","32768","32895","1","1","0","0","1","1","1","1","1","1","1","1","1"
"604","波の部屋","32768","32895","32768","32895","1","1","1","0","1","1","1","1","1","0","0","1","1"
"605","火炎の部屋","32768","32895","32768","32895","1","1","0","0","1","1","1","1","1","1","1","1","1"
"606","嵐の部屋","32704","32831","32768","32895","1","1","0","0","1","1","1","1","1","1","1","1","1"
"607","地震の部屋","32704","32831","32768","32895","1","1","0","0","1","1","1","1","1","1","1","1","1"
"608","ヤヒの研究室","32640","32767","32832","32959","1","1","0","0","1","1","1","1","1","1","1","1","1"
"610","桜の村","32704","32831","32768","32895","1","1","0","0","1","1","1","1","1","1","1","1","1"
"611","Cantonment JP Event(マップがない)","32704","32831","32768","32895","1","1","0","0","1","1","1","1","1","1","1","1","1"
"612","フルーツの森","32704","32831","32832","32959","1","1","0","0","0","1","1","1","1","1","1","1","1"
"613","雪合戦会場","32640","32895","32768","33023","1","1","0","0","0","1","1","1","1","1","1","1","1"
"620","名前なし(バレンタイン宴会場同じ)","32768","32831","32768","32831","1","1","0","0","0","1","1","1","1","1","1","1","1"
"621","受賞した村(リニューアル)","32640","32895","32768","32959","1","0","0","0","0","1","1","0","0","1","1","1","1"
"622","受賞した空の庭","32704","32895","32768","32895","1","0","0","0","0","1","1","0","0","1","1","1","1"
"623","カーツの訓練所1地域","32576","32895","32832","33023","1","1","0","0","0","1","1","1","1","1","1","1","1"
"630","空の城","32704","33023","32768","33087","1","1","0","0","0","1","1","1","1","1","1","1","1"
"631","2次元空間","32704","33023","32640","32959","0","0","0","0","0","1","1","1","1","1","1","1","1"
"632","ユーザー聖地1","32640","32959","32576","32895","1","1","0","0","0","1","1","1","1","1","1","1","1"
"653","受賞した刑務所1階(技監同じ)","32640","32895","32640","32895","1","1","0","0","0","1","1","1","1","1","1","1","1"
"654","受賞した刑務所の2階(技監同じ)","32640","32895","32640","32895","1","1","0","0","0","1","1","1","1","1","1","1","1"
"655","受賞した刑務所3階(技監同じ)","32640","32831","32704","32959","1","1","0","0","0","1","1","1","1","1","1","1","1"
"656","受賞した刑務所4階(技監同じ)","32640","32895","32640","32895","1","1","0","0","0","1","1","1","1","1","1","1","1"
"666","地獄","32640","32831","32704","32895","1","1","0","0","1","0","1","1","1","1","1","1","1"
"701","刑務所 - 新型","32640","32959","32576","32895","1","1","0","0","1","1","1","1","1","1","1","1","1"
"725","名前なし - 大型コロシアム(リニューアルらしい)","33472","33663","32576","32767","1","1","0","0","0","1","1","1","1","1","1","1","1"
"726","名前なし - 大型コロシアム(リニューアルらしい)","32640","32767","32832","32959","1","1","0","0","0","1","1","1","1","1","1","1","1"
"777","ポタン：グシン","32512","32767","32832","33087","1","1","0","0","1","1","1","1","1","1","1","1","1"
"778","ポタン：欲望","32704","32959","32640","32959","1","1","0","0","1","1","1","1","1","1","1","1","1"
"779","ポタン：欲望(水中)","32832","32959","32704","32959","1","1","1","0","1","1","1","1","1","0","0","1","1"
"780","テーベ砂漠","32576","32831","32704","33087","1","1","0","0","1","1","1","1","1","1","1","1","1"
"781","テーベピラミッド内部","32704","33023","32704","32895","1","1","0","0","0","1","1","1","1","1","1","1","1"
"782","テーベオシリスの祭壇","32704","32831","32768","32895","1","1","0","0","0","1","1","1","1","1","1","1","1"
"783","ティカル寺院","32768","33279","32640","32895","1","1","0","0","1","1","1","0","1","1","1","1","1"
"784","クウルカンの祭壇","32704","32767","32832","32895","1","1","0","0","0","1","1","0","1","1","1","1","1"
"785","狩猟イベント","32640","32959","32576","32895","1","1","0","0","1","1","0","1","1","1","1","1","1"
"786","狩猟イベント","32640","32959","32576","32895","1","1","0","0","1","1","0","1","1","1","1","1","1"
"787","狩猟イベント","32640","32959","32576","32895","1","1","0","0","1","1","0","1","1","1","1","1","1"
"788","狩猟イベント","32640","32959","32576","32895","1","1","0","0","1","1","0","1","1","1","1","1","1"
"789","狩猟イベント","32640","32959","32576","32895","1","1","0","0","1","1","0","1","1","1","1","1","1"
"790","暗黒の大空洞1区","32704","32959","32832","33087","1","1","0","0","0","1","1","1","1","1","1","1","1"
"791","暗黒の大空洞2区域","32704","32959","32832","33087","1","1","0","0","0","1","1","1","1","1","1","1","1"
"792","暗黒の大空洞3区域","32704","32959","32832","33087","1","1","0","0","0","1","1","1","1","1","1","1","1"
"793","暗黒の大空洞4区域","32704","32959","32832","33087","1","1","0","0","0","1","1","1","1","1","1","1","1"
"794","暗黒の大空洞5区","32704","32959","32832","33087","1","1","0","0","0","1","1","1","1","1","1","1","1"
"795","暗黒の大空洞6セクション","32704","32959","32832","33087","1","1","0","0","0","1","1","1","1","1","1","1","1"
"796","受賞した大空洞1区(PC)","32704","32959","32832","33087","1","1","0","0","0","1","1","1","1","1","1","1","1"
"797","受賞した大空洞2区域(PC)","32704","32959","32832","33087","1","1","0","0","0","1","1","1","1","1","1","1","1"
"798","受賞した大空洞3区(PC)","32704","32959","32832","33087","1","1","0","0","0","1","1","1","1","1","1","1","1"
"799","受賞した大空洞4区(PC)","32704","32959","32832","33087","1","1","0","0","0","1","1","1","1","1","1","1","1"
"800","市場","32704","32895","32832","33023","1","1","0","0","1","1","1","0","1","0","0","1","1"
"807","グルーディンダンジョンリニューアル1階","32640","32895","32640","32895","1","1","0","0","1","1","1","1","1","1","1","1","1"
"808","グルーディンダンジョンリニューアル2階","32640","32895","32640","32895","1","1","0","0","1","1","1","1","1","1","1","1","1"
"809","グルーディンダンジョンリニューアル3階","32640","32895","32640","32895","1","1","0","0","1","1","1","1","1","1","1","1","1"
"810","グルーディンダンジョンリニューアル4階","32640","32831","32640","32895","1","1","0","0","1","1","1","1","1","1","1","1","1"
"811","グルーディンダンジョンリニューアル5階","32640","32895","32640","32895","1","1","0","0","1","1","1","1","1","1","1","1","1"
"812","グルーディンダンジョンリニューアル6階","32640","32895","32640","32895","1","1","0","0","1","1","1","1","1","1","1","1","1"
"813","グルーディンダンジョンリニューアル7階","32640","32895","32640","32895","1","1","0","0","1","1","1","1","1","1","1","1","1"
"814","水竜のダンジョン","32704","33215","32768","33279","1","1","1","0","1","1","1","0","0","1","1","1","1"
"815","赤い騎士団のトレーニングセンター","32640","32959","32576","32895","1","1","0","0","0","1","1","1","1","1","1","1","1"
"820","ミンティスのソロタウン1","32576","32895","32768","33087","1","1","0","0","0","1","1","1","1","1","1","1","1"
"821","ミンティスのソロタウン2","32576","32895","32768","33087","1","1","0","0","0","1","1","1","1","1","1","1","1"
"822","ミンティスのソロタウン3","32576","32895","32768","33087","1","1","0","0","0","1","1","1","1","1","1","1","1"
"823","ミンティスのソロタウン4","32576","32895","32768","33087","1","1","0","0","0","1","1","1","1","1","1","1","1"
"824","ミンティスのソロタウン5","32576","32895","32768","33087","1","1","0","0","0","1","1","1","1","1","1","1","1"
"825","ミンティスのソロタウン6","32576","32895","32768","33087","1","1","0","0","0","1","1","1","1","1","1","1","1"
"826","ミンティスのソロタウン7","32576","32895","32768","33087","1","1","0","0","0","1","1","1","1","1","1","1","1"
"827","ミンティスのソロタウン1(PC)","32576","32895","32768","33087","1","1","0","0","0","1","1","1","1","1","1","1","1"
"828","ミンティスのソロタウン2(PC)","32576","32895","32768","33087","1","1","0","0","0","1","1","1","1","1","1","1","1"
"829","ミンティスのソロタウン3(PC)","32576","32895","32768","33087","1","1","0","0","0","1","1","1","1","1","1","1","1"
"997","Unknown","32704","32767","32768","32831","1","1","0","0","0","0","0","0","0","1","1","1","1"
"998","Hall of Honor","32704","32767","32768","32831","1","1","0","0","0","0","0","0","0","1","1","1","1"
"1000","シルベリア","32704","32895","32768","32959","1","1","0","1","1","1","1","1","1","1","1","1","1"
"1001","ベヒーモス","32704","32895","32768","32959","1","1","0","1","1","1","1","1","1","1","1","1","1"
"1002","隠された龍らの土地","32576","33087","32512","33023","1","1","0","0","0","1","1","1","1","0","0","1","1"
"1003","名前なし(モンソム+華東？)","32640","32895","32832","32959","1","1","0","0","0","1","1","1","1","1","1","1","1"
"1004","名前なし(モンソム同じ)","32512","32959","32512","32895","1","1","0","0","0","1","1","1","1","1","1","1","1"
"1005","アンタラスレイド","32576","32959","32576","32959","1","1","0","0","0","1","1","1","0","0","0","1","1"
"1006","アンタラスレイド","32576","32959","32576","32959","1","1","0","0","0","1","1","1","0","0","0","1","1"
"1007","アンタラスレイド","32576","32959","32576","32959","1","1","0","0","0","1","1","1","0","0","0","1","1"
"1008","アンタラスレイド","32576","32959","32576","32959","1","1","0","0","0","1","1","1","0","0","0","1","1"
"1009","アンタラスレイド","32576","32959","32576","32959","1","1","0","0","0","1","1","1","0","0","0","1","1"
"1010","ヴァラカスレイド(ヤメ実装)","32576","32959","32576","32959","1","1","0","0","0","1","1","1","0","0","0","1","1"
"1011","パプリオンレイド","32704","33087","32512","32895","1","1","1","0","0","1","1","1","0","0","0","1","1"
"1012","波プリオン洞窟","32704","33087","32512","32895","1","1","1","0","0","1","1","0","1","0","0","1","1"
"1013","波プリオン洞窟","32704","33087","32512","32895","1","1","1","0","0","1","1","0","1","0","0","1","1"
"1014","波プリオン洞窟","32704","33087","32512","32895","1","1","1","0","0","1","1","0","0","0","0","1","1"
"1015","波プリオン洞窟","32704","33087","32512","32895","1","1","1","0","0","1","1","0","0","0","0","1","1"
"1016","波プリオン洞窟","32704","33087","32512","32895","1","1","1","0","0","1","1","0","0","0","0","1","1"
"1017","リンドビオルレイド","32512","33023","32768","33279","1","1","0","0","0","1","1","1","0","0","0","1","1"
"1029","アンタラスの洞窟(闇)","32512","33023","32576","33023","1","1","0","0","0","1","1","1","1","1","1","1","1"
"1035","パプリオンの洞窟(闇)","32640","33151","32448","32959","1","1","0","0","0","1","1","1","1","1","1","1","1"
"1041","リンドビオルの洞窟(闇)","32512","33023","32768","33279","1","1","0","0","0","1","1","1","1","1","1","1","1"
"1053","アンタラスの洞窟(恐怖)","32512","33023","32576","33023","1","1","0","0","0","1","1","1","1","1","1","1","1"
"1059","パプリオンの洞窟(恐怖)","32640","33151","32448","32959","1","1","0","0","0","1","1","1","1","1","1","1","1"
"1065","リンドビオルの洞窟(恐怖)","32512","33023","32768","33279","1","1","0","0","0","1","1","1","1","1","1","1","1"
"1161","ヴァラカスの洞窟","32704","32831","32832","32959","1","1","0","0","1","0","0","0","1","1","1","1","1"
"1234","サイ会場(ギラン1)","32704","32831","32768","32895","1","1","0","0","0","1","1","1","1","1","1","1","1"
"1259","サイ会場(オーレン1)","32704","32831","32768","32895","1","1","0","0","0","1","1","1","1","1","1","1","1"
"1284","サイ会場(グルーディン1)","32704","32831","32768","32895","1","1","0","0","0","1","1","1","1","1","1","1","1"
"1309","サイ会場(ナイト1)","32704","32831","32768","32895","1","1","0","0","0","1","1","1","1","1","1","1","1"
"1400","第1の軍事訓練所","32768","32959","32704","32895","1","1","0","0","0","1","1","1","1","1","1","1","1"
"1401","第2の軍事訓練所","32768","32959","32704","32895","1","1","0","0","0","1","1","1","1","1","1","1","1"
"1402","第3の軍事訓練所","32768","32959","32704","32895","1","1","0","0","0","1","1","1","1","1","1","1","1"
"1403","第4の軍事訓練所","32768","32959","32704","32895","1","1","0","0","0","1","1","1","1","1","1","1","1"
"1404","第5軍事訓練所","32768","32959","32704","32895","1","1","0","0","0","1","1","1","1","1","1","1","1"
"1405","第6軍の訓練所","32768","32959","32704","32895","1","1","0","0","0","1","1","1","1","1","1","1","1"
"1501","ギフト普及に(ギラン1)","32704","32831","32768","32895","1","1","0","0","0","1","1","1","1","1","1","1","1"
"1526","ギフト普及に(オーレン1)","32704","32831","32768","32895","1","1","0","0","0","1","1","1","1","1","1","1","1"
"1551","ギフト普及に(グルーディン1)","32704","32831","32768","32895","1","1","0","0","0","1","1","1","1","1","1","1","1"
"1576","ギフト普及に(ナイト1)","32704","32831","32768","32895","1","1","0","0","0","1","1","1","1","1","1","1","1"
"1700","忘れられた島(リニューアル)","32576","33023","32640","33087","1","1","0","0","0","0","1","1","1","1","1","1","1"
"1701","忘れられた島[リニューアル]","32576","33023","32640","33087","1","1","0","0","0","0","1","1","1","1","1","1","1"
"1702","忘れられた島[リニューアル]","32576","33023","32640","33087","1","1","0","0","0","0","1","1","1","1","1","1","1"
"1703","ゴーレム研究所","32704","32959","32832","33087","1","1","0","0","0","0","1","1","1","1","1","1","1"
"1704","ゴーレム研究所2","32704","32959","32832","33087","1","1","0","0","0","0","1","1","1","1","1","1","1"
"1705","ゴーレム研究所3","32704","32959","32832","33087","1","1","0","0","0","0","1","1","1","1","1","1","1"
"1706","忘れられた島倍","32704","32831","32768","32831","0","1","0","0","0","1","1","1","1","1","0","1","0"
"1707","ゴーレム研究所5","32704","32767","33024","33087","1","1","0","0","1","1","1","1","1","1","1","1","1"
"1708","忘れられた島","32576","33023","32640","33087","1","1","0","0","0","0","1","1","1","1","1","1","1"
"1709","ゴーレム研究所","32704","32959","32832","33087","1","1","0","0","0","0","1","1","1","1","1","1","1"
"1710","イッソム控室","32704","32767","33024","33087","1","1","0","0","0","0","1","1","1","1","1","1","1"
"1711","忘れられた島控室","32704","32831","32704","32831","1","1","0","0","0","0","1","1","0","1","1","1","1"
"1901","荒廃したダークエルフの聖地1区","32576","32895","32704","33023","1","1","0","0","0","1","1","1","1","1","1","1","1"
"1902","荒廃したダークエルフの聖地2区域","32576","32895","32704","33023","1","1","0","0","0","1","1","1","1","1","1","1","1"
"1903","荒廃したダークエルフの聖地3区域","32576","32895","32704","33023","1","1","0","0","0","1","1","1","1","1","1","1","1"
"1904","荒廃したダークエルフの聖地4区域","32576","32895","32704","33023","1","1","0","0","0","1","1","1","1","1","1","1","1"
"1905","荒廃したダークエルフの聖地5区","32576","32895","32704","33023","1","1","0","0","0","1","1","1","1","1","1","1","1"
"1906","荒廃したダークエルフの聖地6セクション","32576","32895","32704","33023","1","1","0","0","0","1","1","1","1","1","1","1","1"
"1907","受賞したダークエルフの聖地1区","32576","32895","32704","33023","1","1","0","0","0","1","1","1","1","1","1","1","1"
"1908","受賞したダークエルフの聖地2区域","32576","32895","32704","33023","1","1","0","0","0","1","1","1","1","1","1","1","1"
"1909","受賞したダークエルフの聖地3区域","32576","32895","32704","33023","1","1","0","0","0","1","1","1","1","1","1","1","1"
"1910","受賞したダークエルフの聖地4区域","32576","32895","32704","33023","1","1","0","0","0","1","1","1","1","1","1","1","1"
"1911","カーツの訓練所2地域","32576","32895","32832","33023","1","1","0","0","0","1","1","1","1","1","1","1","1"
"1912","カーツの訓練所3地域","32576","32895","32832","33023","1","1","0","0","0","1","1","1","1","1","1","1","1"
"1913","カーツの訓練所4地域","32576","32895","32832","33023","1","1","0","0","0","1","1","1","1","1","1","1","1"
"1914","カーツの訓練所5地域","32576","32895","32832","33023","1","1","0","0","0","1","1","1","1","1","1","1","1"
"1915","カーツの訓練所6地域","32576","32895","32832","33023","1","1","0","0","0","1","1","1","1","1","1","1","1"
"1920","ヘイストジョン1区","32576","32959","32576","32959","1","1","0","0","0","1","1","1","1","1","1","1","1"
"1921","ヘイストゾーン2区域","32576","32959","32576","32959","1","1","0","0","0","1","1","1","1","1","1","1","1"
"1922","ヘイストジョン3エリア","32576","32959","32576","32959","1","1","0","0","0","1","1","1","1","1","1","1","1"
"1923","ヘイストジョン4エリア","32576","32959","32576","32959","1","1","0","0","0","1","1","1","1","1","1","1","1"
"1924","ヘイストジョン5区","32576","32959","32576","32959","1","1","0","0","0","1","1","1","1","1","1","1","1"
"1925","ヘイストジョン6区","32576","32959","32576","32959","1","1","0","0","0","1","1","1","1","1","1","1","1"
"1926","ヘイストジョン(PC部屋)1区","32576","32959","32576","32959","1","1","0","0","0","1","1","1","1","1","1","1","1"
"1927","ヘイストジョン(PC部屋)2エリア","32576","32959","32576","32959","1","1","0","0","0","1","1","1","1","1","1","1","1"
"1928","ヘイストジョン(PC部屋)3区","32576","32959","32576","32959","1","1","0","0","0","1","1","1","1","1","1","1","1"
"1929","ヘイストジョン(PC部屋)4エリア","32576","32959","32576","32959","1","1","0","0","0","1","1","1","1","1","1","1","1"
"1930","復帰勇者の訓練所","32448","32831","32832","33151","1","1","0","0","0","1","1","1","1","1","1","1","1"
"1931","夢幻の島：火","32576","32959","32576","32895","1","1","0","0","1","1","1","0","0","1","1","1","1"
"1932","夢幻の島：水","32576","32959","32576","32895","1","1","0","0","1","1","1","0","0","1","1","1","1"
"1935","夢幻の島：中央寺の入り口","32768","32831","32768","32831","1","1","0","0","0","1","1","0","0","1","1","1","1"
"1936","夢幻の島：中央寺","32768","32831","32832","32895","1","1","0","0","0","1","1","0","0","1","1","1","1"
"2000","古代の空間：1階","32704","32959","32704","33023","1","1","0","0","0","1","1","1","1","1","1","1","1"
"2001","古代のスペース：2階","32640","32959","32704","32959","1","1","0","0","0","1","1","1","1","1","1","1","1"
"2002","古代の空間：3階","32704","32959","32704","32959","1","1","0","0","0","1","1","1","1","1","1","1","1"
"2003","古代の空間：4階","32704","32959","32704","32959","1","1","0","0","0","1","1","1","1","1","1","1","1"
"2004","高ラス","32704","32895","32768","32895","1","1","0","0","0","1","1","1","1","1","1","1","1"
"2005","隠された谷(統合)","32512","32895","32704","33087","1","1","0","0","1","1","1","1","1","1","1","1","1"
"2006","メティスの遊び場","32704","32895","32768","32959","1","1","0","0","0","1","1","0","1","0","0","1","1"
"2007","思い出のスライム","32512","32703","32640","32895","1","1","0","0","0","1","1","1","1","1","1","1","1"
"2008","メティスの遊び場第2区域","32704","32895","32768","32959","1","1","0","0","0","1","1","1","1","1","1","1","1"
"2009","メティスの遊び場第3区域","32704","32895","32768","32959","1","1","0","0","0","1","1","1","1","1","1","1","1"
"2010","嵐修練地域","32576","33087","32512","32831","1","1","0","1","1","1","1","1","1","1","1","1","1"
"2011","嵐修練地域(初心者ゾーン)","32576","33087","32512","32831","1","1","0","0","0","1","1","1","1","1","1","1","1"
"2012","嵐修練地域(初心者ゾーン)","32576","33087","32512","32831","1","1","0","0","0","1","1","1","1","1","1","1","1"
"2013","嵐修練地域(初心者ゾーン)","32576","33087","32512","32831","1","1","0","0","0","1","1","1","1","1","1","1","1"
"2014","嵐修練地域(初心者ゾーン)","32576","33087","32512","32831","1","1","0","0","0","1","1","1","1","1","1","1","1"
"2100","氷の女王の城の入り口","32768","32831","32768","32831","1","1","0","0","0","1","1","1","0","0","0","1","1"
"2101","氷の女王の城","32704","32895","32768","32959","1","1","0","0","0","1","1","1","0","0","0","1","1"
"2151","氷の女王の城","32704","32895","32768","32959","1","1","0","0","0","1","1","1","0","0","0","1","1"
"2201","神秘的な水晶の洞窟1階","32704","32895","32768","32959","1","1","0","0","0","1","1","1","1","1","1","1","1"
"2202","神秘的な水晶の洞窟2階","32704","32895","32768","32959","1","1","0","0","0","1","1","1","1","1","1","1","1"
"2203","神秘的な水晶の洞窟3階","32704","32895","32768","32959","1","1","0","0","0","1","1","1","1","1","1","1","1"
"2210","ヴァラカス巣","32640","32831","32704","32895","1","1","0","0","0","1","1","1","1","1","1","1","1"
"2225","修練ケイブ1階(初心者ゾーン)","32704","32895","32704","32831","1","1","0","0","0","1","1","1","1","1","1","1","1"
"2226","修練ケイブ2階(初心者ゾーン)","32704","32895","32640","32895","1","1","0","0","0","1","1","1","1","1","1","1","1"
"2227","修練ケイブ3階(初心者ゾーン)","32640","32895","32704","32895","1","1","0","0","0","1","1","1","1","1","1","1","1"
"2228","修練ケイブ4階(初心者ゾーン)","32640","32895","32704","32895","1","1","0","0","0","1","1","1","1","1","1","1","1"
"2236","サーバーられるのアジト","32704","32767","32832","32895","1","1","0","0","0","1","1","1","1","1","1","1","1"
"2301","黒の騎士団陣営1","32704","32831","32768","33151","1","1","0","0","0","1","1","1","1","1","1","1","1"
"2600","火竜の聖域","32512","32959","32704","33087","1","1","0","0","0","1","1","1","1","1","1","1","1"
"2699","火竜の聖域","32576","32703","33024","33087","1","1","0","0","0","1","1","1","1","1","1","1","1"
"4941","KR_EVENT(マップがない)","32768","32895","32704","32831","1","1","0","0","0","1","1","1","1","1","1","1","1"
"4995","名前なし(アジト地下形状)","32768","32831","32768","32831","1","1","0","0","0","1","1","1","1","1","1","1","1"
"4996","名前なし(アジト地下形状)","32768","32831","32768","32831","1","1","0","0","0","1","1","1","1","1","1","1","1"
"4997","名前なし(アジト地下形状)","32768","32831","32768","32831","1","1","0","0","0","1","1","1","1","1","1","1","1"
"4998","名前なし(アジト地下形状)","32768","32831","32768","32831","1","1","0","0","0","1","1","1","1","1","1","1","1"
"4999","名前なし(アジト地下形状)","32768","32831","32768","32831","1","1","0","0","0","1","1","1","1","1","1","1","1"
"5000","名前なし(アジト地下形状)","32768","32831","32768","32831","1","1","0","0","0","1","1","1","1","1","1","1","1"
"5001","アデン地下アジト","32704","32831","32704","32831","1","1","0","0","0","1","1","1","1","1","1","1","1"
"5002","アデン地下アジト","32704","32831","32704","32831","1","1","0","0","0","1","1","1","1","1","1","1","1"
"5003","アデン地下アジト","32704","32831","32704","32831","1","1","0","0","0","1","1","1","1","1","1","1","1"
"5004","アデン地下アジト","32704","32831","32704","32831","1","1","0","0","0","1","1","1","1","1","1","1","1"
"5005","アデン地下アジト","32704","32831","32704","32831","1","1","0","0","0","1","1","1","1","1","1","1","1"
"5006","アデン地下アジト","32704","32831","32704","32831","1","1","0","0","0","1","1","1","1","1","1","1","1"
"5007","アデン地下アジト","32704","32831","32704","32831","1","1","0","0","0","1","1","1","1","1","1","1","1"
"5008","アデン地下アジト","32704","32831","32704","32831","1","1","0","0","0","1","1","1","1","1","1","1","1"
"5009","アデン地下アジト","32704","32831","32704","32831","1","1","0","0","0","1","1","1","1","1","1","1","1"
"5010","アデン地下アジト","32704","32831","32704","32831","1","1","0","0","0","1","1","1","1","1","1","1","1"
"5011","アデン地下アジト","32704","32831","32704","32831","1","1","0","0","0","1","1","1","1","1","1","1","1"
"5012","アデン地下アジト","32704","32831","32704","32831","1","1","0","0","0","1","1","1","1","1","1","1","1"
"5013","アデン地下アジト","32704","32831","32704","32831","1","1","0","0","0","1","1","1","1","1","1","1","1"
"5014","アデン地下アジト","32704","32831","32704","32831","1","1","0","0","0","1","1","1","1","1","1","1","1"
"5015","アデン地下アジト","32704","32831","32704","32831","1","1","0","0","0","1","1","1","1","1","1","1","1"
"5016","アデン地下アジト","32704","32831","32704","32831","1","1","0","0","0","1","1","1","1","1","1","1","1"
"5017","アデン地下アジト","32704","32831","32704","32831","1","1","0","0","0","1","1","1","1","1","1","1","1"
"5018","アデン地下アジト","32704","32831","32704","32831","1","1","0","0","0","1","1","1","1","1","1","1","1"
"5019","アデン地下アジト","32704","32831","32704","32831","1","1","0","0","0","1","1","1","1","1","1","1","1"
"5020","アデン地下アジト","32704","32831","32704","32831","1","1","0","0","0","1","1","1","1","1","1","1","1"
"5021","アデン地下アジト","32704","32831","32704","32831","1","1","0","0","0","1","1","1","1","1","1","1","1"
"5022","アデン地下アジト","32704","32831","32704","32831","1","1","0","0","0","1","1","1","1","1","1","1","1"
"5023","アデン地下アジト","32704","32831","32704","32831","1","1","0","0","0","1","1","1","1","1","1","1","1"
"5024","アデン地下アジト","32704","32831","32704","32831","1","1","0","0","0","1","1","1","1","1","1","1","1"
"5025","アデン地下アジト","32704","32831","32704","32831","1","1","0","0","0","1","1","1","1","1","1","1","1"
"5026","アデン地下アジト","32704","32831","32704","32831","1","1","0","0","0","1","1","1","1","1","1","1","1"
"5027","アデン地下アジト","32704","32831","32704","32831","1","1","0","0","0","1","1","1","1","1","1","1","1"
"5028","アデン地下アジト","32704","32831","32704","32831","1","1","0","0","0","1","1","1","1","1","1","1","1"
"5029","アデン地下アジト","32704","32831","32704","32831","1","1","0","0","0","1","1","1","1","1","1","1","1"
"5030","アデン地下アジト","32704","32831","32704","32831","1","1","0","0","0","1","1","1","1","1","1","1","1"
"5031","アデン地下アジト","32704","32831","32704","32831","1","1","0","0","0","1","1","1","1","1","1","1","1"
"5032","アデン地下アジト","32704","32831","32704","32831","1","1","0","0","0","1","1","1","1","1","1","1","1"
"5033","アデン地下アジト","32704","32831","32704","32831","1","1","0","0","0","1","1","1","1","1","1","1","1"
"5034","アデン地下アジト","32704","32831","32704","32831","1","1","0","0","0","1","1","1","1","1","1","1","1"
"5035","アデン地下アジト","32704","32831","32704","32831","1","1","0","0","0","1","1","1","1","1","1","1","1"
"5036","アデン地下アジト","32704","32831","32704","32831","1","1","0","0","0","1","1","1","1","1","1","1","1"
"5037","アデン地下アジト","32704","32831","32704","32831","1","1","0","0","0","1","1","1","1","1","1","1","1"
"5038","アデン地下アジト","32704","32831","32704","32831","1","1","0","0","0","1","1","1","1","1","1","1","1"
"5039","アデン地下アジト","32704","32831","32704","32831","1","1","0","0","0","1","1","1","1","1","1","1","1"
"5040","アデン地下アジト","32704","32831","32704","32831","1","1","0","0","0","1","1","1","1","1","1","1","1"
"5041","アデン地下アジト","32704","32831","32704","32831","1","1","0","0","0","1","1","1","1","1","1","1","1"
"5042","アデン地下アジト","32704","32831","32704","32831","1","1","0","0","0","1","1","1","1","1","1","1","1"
"5043","アデン地下アジト","32704","32831","32704","32831","1","1","0","0","0","1","1","1","1","1","1","1","1"
"5044","アデン地下アジト","32704","32831","32704","32831","1","1","0","0","0","1","1","1","1","1","1","1","1"
"5045","アデン地下アジト","32704","32831","32704","32831","1","1","0","0","0","1","1","1","1","1","1","1","1"
"5046","アデン地下アジト","32704","32831","32704","32831","1","1","0","0","0","1","1","1","1","1","1","1","1"
"5047","アデン地下アジト","32704","32831","32704","32831","1","1","0","0","0","1","1","1","1","1","1","1","1"
"5048","アデン地下アジト","32704","32831","32704","32831","1","1","0","0","0","1","1","1","1","1","1","1","1"
"5049","アデン地下アジト","32704","32831","32704","32831","1","1","0","0","0","1","1","1","1","1","1","1","1"
"5050","アデン地下アジト","32704","32831","32704","32831","1","1","0","0","0","1","1","1","1","1","1","1","1"
"5051","アデン地下アジト","32704","32831","32704","32831","1","1","0","0","0","1","1","1","1","1","1","1","1"
"5052","アデン地下アジト","32704","32831","32704","32831","1","1","0","0","0","1","1","1","1","1","1","1","1"
"5053","アデン地下アジト","32704","32831","32704","32831","1","1","0","0","0","1","1","1","1","1","1","1","1"
"5054","アデン地下アジト","32704","32831","32704","32831","1","1","0","0","0","1","1","1","1","1","1","1","1"
"5055","アデン地下アジト","32704","32831","32704","32831","1","1","0","0","0","1","1","1","1","1","1","1","1"
"5056","アデン地下アジト","32704","32831","32704","32831","1","1","0","0","0","1","1","1","1","1","1","1","1"
"5057","アデン地下アジト","32704","32831","32704","32831","1","1","0","0","0","1","1","1","1","1","1","1","1"
"5058","アデン地下アジト","32704","32831","32704","32831","1","1","0","0","0","1","1","1","1","1","1","1","1"
"5059","アデン地下アジト","32704","32831","32704","32831","1","1","0","0","0","1","1","1","1","1","1","1","1"
"5060","アデン地下アジト","32704","32831","32704","32831","1","1","0","0","0","1","1","1","1","1","1","1","1"
"5061","アデン地下アジト","32704","32831","32704","32831","1","1","0","0","0","1","1","1","1","1","1","1","1"
"5062","アデン地下アジト","32704","32831","32704","32831","1","1","0","0","0","1","1","1","1","1","1","1","1"
"5063","アデン地下アジト","32704","32831","32704","32831","1","1","0","0","0","1","1","1","1","1","1","1","1"
"5064","アデン地下アジト","32704","32831","32704","32831","1","1","0","0","0","1","1","1","1","1","1","1","1"
"5065","アデン地下アジト","32704","32831","32704","32831","1","1","0","0","0","1","1","1","1","1","1","1","1"
"5066","アデン地下アジト","32704","32831","32704","32831","1","1","0","0","0","1","1","1","1","1","1","1","1"
"5067","アデン地下アジト","32704","32831","32704","32831","1","1","0","0","0","1","1","1","1","1","1","1","1"
"5068","ギラン地下アジト","32704","32831","32768","32895","1","1","0","0","0","1","1","1","1","1","1","1","1"
"5069","ギラン地下アジト","32704","32831","32768","32895","1","1","0","0","0","1","1","1","1","1","1","1","1"
"5070","ギラン地下アジト","32704","32831","32768","32895","1","1","0","0","0","1","1","1","1","1","1","1","1"
"5071","ギラン地下アジト","32704","32831","32768","32895","1","1","0","0","0","1","1","1","1","1","1","1","1"
"5072","ギラン地下アジト","32704","32831","32768","32895","1","1","0","0","0","1","1","1","1","1","1","1","1"
"5073","ギラン地下アジト","32704","32831","32768","32895","1","1","0","0","0","1","1","1","1","1","1","1","1"
"5074","ギラン地下アジト","32704","32831","32768","32895","1","1","0","0","0","1","1","1","1","1","1","1","1"
"5075","ギラン地下アジト","32704","32831","32768","32895","1","1","0","0","0","1","1","1","1","1","1","1","1"
"5076","ギラン地下アジト","32704","32831","32768","32895","1","1","0","0","0","1","1","1","1","1","1","1","1"
"5077","ギラン地下アジト","32704","32831","32768","32895","1","1","0","0","0","1","1","1","1","1","1","1","1"
"5078","ギラン地下アジト","32704","32831","32768","32895","1","1","0","0","0","1","1","1","1","1","1","1","1"
"5079","ギラン地下アジト","32704","32831","32768","32895","1","1","0","0","0","1","1","1","1","1","1","1","1"
"5080","ギラン地下アジト","32704","32831","32768","32895","1","1","0","0","0","1","1","1","1","1","1","1","1"
"5081","ギラン地下アジト","32704","32831","32768","32895","1","1","0","0","0","1","1","1","1","1","1","1","1"
"5082","ギラン地下アジト","32704","32831","32768","32895","1","1","0","0","0","1","1","1","1","1","1","1","1"
"5083","ギラン地下アジト","32704","32831","32768","32895","1","1","0","0","0","1","1","1","1","1","1","1","1"
"5084","ギラン地下アジト","32704","32831","32768","32895","1","1","0","0","0","1","1","1","1","1","1","1","1"
"5085","ギラン地下アジト","32704","32831","32768","32895","1","1","0","0","0","1","1","1","1","1","1","1","1"
"5086","ギラン地下アジト","32704","32831","32768","32895","1","1","0","0","0","1","1","1","1","1","1","1","1"
"5087","ギラン地下アジト","32704","32831","32768","32895","1","1","0","0","0","1","1","1","1","1","1","1","1"
"5088","ギラン地下アジト","32704","32831","32768","32895","1","1","0","0","0","1","1","1","1","1","1","1","1"
"5089","ギラン地下アジト","32704","32831","32768","32895","1","1","0","0","0","1","1","1","1","1","1","1","1"
"5090","ギラン地下アジト","32704","32831","32768","32895","1","1","0","0","0","1","1","1","1","1","1","1","1"
"5091","ギラン地下アジト","32704","32831","32768","32895","1","1","0","0","0","1","1","1","1","1","1","1","1"
"5092","ギラン地下アジト","32704","32831","32768","32895","1","1","0","0","0","1","1","1","1","1","1","1","1"
"5093","ギラン地下アジト","32704","32831","32768","32895","1","1","0","0","0","1","1","1","1","1","1","1","1"
"5094","ギラン地下アジト","32704","32831","32768","32895","1","1","0","0","0","1","1","1","1","1","1","1","1"
"5095","ギラン地下アジト","32704","32831","32768","32895","1","1","0","0","0","1","1","1","1","1","1","1","1"
"5096","ギラン地下アジト","32704","32831","32768","32895","1","1","0","0","0","1","1","1","1","1","1","1","1"
"5097","ギラン地下アジト","32704","32831","32768","32895","1","1","0","0","0","1","1","1","1","1","1","1","1"
"5098","ギラン地下アジト","32704","32831","32768","32895","1","1","0","0","0","1","1","1","1","1","1","1","1"
"5099","ギラン地下アジト","32704","32831","32768","32895","1","1","0","0","0","1","1","1","1","1","1","1","1"
"5100","ギラン地下アジト","32704","32831","32768","32895","1","1","0","0","0","1","1","1","1","1","1","1","1"
"5101","ギラン地下アジト","32704","32831","32768","32895","1","1","0","0","0","1","1","1","1","1","1","1","1"
"5102","ギラン地下アジト","32704","32831","32768","32895","1","1","0","0","0","1","1","1","1","1","1","1","1"
"5103","ギラン地下アジト","32704","32831","32768","32895","1","1","0","0","0","1","1","1","1","1","1","1","1"
"5104","ギラン地下アジト","32704","32831","32768","32895","1","1","0","0","0","1","1","1","1","1","1","1","1"
"5105","ギラン地下アジト","32704","32831","32768","32895","1","1","0","0","0","1","1","1","1","1","1","1","1"
"5106","ギラン地下アジト","32704","32831","32768","32895","1","1","0","0","0","1","1","1","1","1","1","1","1"
"5107","ギラン地下アジト","32704","32831","32768","32895","1","1","0","0","0","1","1","1","1","1","1","1","1"
"5108","ギラン地下アジト","32704","32831","32768","32895","1","1","0","0","0","1","1","1","1","1","1","1","1"
"5109","ギラン地下アジト","32704","32831","32768","32895","1","1","0","0","0","1","1","1","1","1","1","1","1"
"5110","ギラン地下アジト","32704","32831","32768","32895","1","1","0","0","0","1","1","1","1","1","1","1","1"
"5111","ギラン地下アジト","32704","32831","32768","32895","1","1","0","0","0","1","1","1","1","1","1","1","1"
"5112","ギラン地下アジト","32704","32831","32768","32895","1","1","0","0","0","1","1","1","1","1","1","1","1"
"5113","ハイネ地下アジト","32704","32831","32768","32895","1","1","0","0","0","1","1","1","1","1","1","1","1"
"5114","ハイネ地下アジト","32704","32831","32768","32895","1","1","0","0","0","1","1","1","1","1","1","1","1"
"5115","ハイネ地下アジト","32704","32831","32768","32895","1","1","0","0","0","1","1","1","1","1","1","1","1"
"5116","ハイネ地下アジト","32704","32831","32768","32895","1","1","0","0","0","1","1","1","1","1","1","1","1"
"5117","ハイネ地下アジト","32704","32831","32768","32895","1","1","0","0","0","1","1","1","1","1","1","1","1"
"5118","ハイネ地下アジト","32704","32831","32768","32895","1","1","0","0","0","1","1","1","1","1","1","1","1"
"5119","ハイネ地下アジト","32704","32831","32768","32895","1","1","0","0","0","1","1","1","1","1","1","1","1"
"5120","ハイネ地下アジト","32704","32831","32768","32895","1","1","0","0","0","1","1","1","1","1","1","1","1"
"5121","ハイネ地下アジト","32704","32831","32768","32895","1","1","0","0","0","1","1","1","1","1","1","1","1"
"5122","ハイネ地下アジト","32704","32831","32768","32895","1","1","0","0","0","1","1","1","1","1","1","1","1"
"5123","ハイネ地下アジト","32704","32831","32768","32895","1","1","0","0","0","1","1","1","1","1","1","1","1"
"5124","釣り場","32768","32831","32768","32831","1","1","0","0","0","0","1","0","1","1","1","1","1"
"5125","ペットマッチ対戦枚","32768","32831","32832","32895","1","1","0","0","0","1","1","1","1","1","1","0","0"
"5131","ペットマッチ対戦章(マップがない)","32768","32831","32832","32895","1","1","0","0","0","1","1","1","1","1","1","0","0"
"5132","ペットマッチ対戦章(マップがない)","32768","32831","32832","32895","1","1","0","0","0","1","1","1","1","1","1","0","0"
"5133","ペットマッチ対戦章(マップがない)","32768","32831","32832","32895","1","1","0","0","0","1","1","1","1","1","1","0","0"
"5134","ペットマッチ対戦章(マップがない)","32768","32831","32832","32895","1","1","0","0","0","1","1","1","1","1","1","0","0"
"5140","お化け屋敷","32704","32895","32768","32895","1","1","0","0","0","1","1","1","1","1","1","0","0"
"5141","名前なし(地下ダンジョンのように生ずる)","32640","32959","32704","32959","1","1","0","0","0","1","1","1","1","1","1","1","1"
"5142","名前なし(地下ダンジョンのように生ずる)","32640","32959","32704","32959","1","1","0","0","0","1","1","1","1","1","1","1","1"
"5143","ペットレーシング場","32704","32831","32768","32895","0","0","0","0","0","0","0","0","0","0","0","0","0"
"5144","ペットレーシング場","32704","32831","32768","32895","1","1","0","0","0","1","1","1","1","1","1","1","1"
"5145","ペットレーシング場","32704","32831","32768","32895","1","1","0","0","1","1","1","1","1","1","1","1","1"
"5153","デスマッチ章","32576","32703","32832","32959","0","0","0","0","0","0","0","0","0","0","0","1","1"
"5166","回想の地","32704","32831","32768","32895","1","1","0","0","0","0","0","0","0","0","0","0","0"
"5167","悪魔王の領土","32512","32767","32704","32959","1","1","0","0","0","1","1","1","1","1","1","1","1"
"5168","悪魔王の領土","32512","32767","32704","32959","1","1","0","0","0","1","1","1","1","1","1","1","1"
"5169","悪魔王の領土","32512","32767","32704","32959","1","1","0","0","0","1","1","1","1","1","1","1","1"
"5170","悪魔王の領土","32512","32767","32704","32959","1","1","0","0","0","1","1","1","1","1","1","1","1"
"5171","悪魔王の領土","32512","32767","32704","32959","1","1","0","0","0","1","1","1","1","1","1","1","1"
"5172","悪魔王の領土","32512","32767","32704","32959","1","1","0","0","0","1","1","1","1","1","1","1","1"
"5173","悪魔王の領土","32512","32767","32704","32959","1","1","0","0","0","1","1","1","1","1","1","1","1"
"5174","悪魔王の領土","32512","32767","32704","32959","1","1","0","0","0","1","1","1","1","1","1","1","1"
"5175","悪魔王の領土","32512","32767","32704","32959","1","1","0","0","0","1","1","1","1","1","1","1","1"
"5176","悪魔王の領土","32512","32767","32704","32959","1","1","0","0","0","1","1","1","1","1","1","1","1"
"5177","悪魔王の領土","32512","32767","32704","32959","1","1","0","0","0","1","1","1","1","1","1","1","1"
"5178","悪魔王の領土","32512","32767","32704","32959","1","1","0","0","0","1","1","1","1","1","1","1","1"
"5179","悪魔王の領土","32512","32767","32704","32959","1","1","0","0","0","1","1","1","1","1","1","1","1"
"5180","悪魔王の領土","32512","32767","32704","32959","1","1","0","0","0","1","1","1","1","1","1","1","1"
"5181","悪魔王の領土","32512","32767","32704","32959","1","1","0","0","0","1","1","1","1","1","1","1","1"
"5182","悪魔王の領土","32512","32767","32704","32959","1","1","0","0","0","1","1","1","1","1","1","1","1"
"5183","悪魔王の領土","32512","32767","32704","32959","1","1","0","0","0","1","1","1","1","1","1","1","1"
"5184","悪魔王の領土","32512","32767","32704","32959","1","1","0","0","0","1","1","1","1","1","1","1","1"
"5185","悪魔王の領土","32512","32767","32704","32959","1","1","0","0","0","1","1","1","1","1","1","1","1"
"5186","悪魔王の領土","32512","32767","32704","32959","1","1","0","0","0","1","1","1","1","1","1","1","1"
"5187","悪魔王の領土","32512","32767","32704","32959","1","1","0","0","0","1","1","1","1","1","1","1","1"
"5188","悪魔王の領土","32512","32767","32704","32959","1","1","0","0","0","1","1","1","1","1","1","1","1"
"5189","悪魔王の領土","32512","32767","32704","32959","1","1","0","0","0","1","1","1","1","1","1","1","1"
"5190","悪魔王の領土","32512","32767","32704","32959","1","1","0","0","0","1","1","1","1","1","1","1","1"
"5191","象牙の塔の地下倉庫","32704","32895","32768","32959","1","1","0","0","0","1","1","1","1","1","1","1","1"
"5192","象牙の塔の地下倉庫","32704","32895","32768","32959","1","1","0","0","0","1","1","1","1","1","1","1","1"
"5193","象牙の塔の地下倉庫","32704","32895","32768","32959","1","1","0","0","0","1","1","1","1","1","1","1","1"
"5194","象牙の塔の地下倉庫","32704","32895","32768","32959","1","1","0","0","0","1","1","1","1","1","1","1","1"
"5195","象牙の塔の地下倉庫","32704","32895","32768","32959","1","1","0","0","0","1","1","1","1","1","1","1","1"
"5196","象牙の塔の地下倉庫","32704","32895","32768","32959","1","1","0","0","0","1","1","1","1","1","1","1","1"
"5197","象牙の塔の地下倉庫","32704","32895","32768","32959","1","1","0","0","0","1","1","1","1","1","1","1","1"
"5198","象牙の塔の地下倉庫","32704","32895","32768","32959","1","1","0","0","0","1","1","1","1","1","1","1","1"
"5199","象牙の塔の地下倉庫","32704","32895","32768","32959","1","1","0","0","0","1","1","1","1","1","1","1","1"
"5200","傲慢の塔地下","32704","32895","32768","32959","1","1","0","0","0","1","1","1","1","1","1","1","1"
"5300","釣り場","32640","32895","32704","32959","1","1","0","0","0","1","1","1","1","1","1","1","1"
"5301","釣り場","32640","32895","32704","32959","1","1","0","0","0","1","1","1","1","1","1","1","1"
"5302","釣り場","32640","32895","32704","32959","1","1","0","0","0","0","1","0","1","1","1","1","0"
"5303","亀裂の洞窟","32704","32895","32768","32959","1","1","0","0","0","1","1","1","1","1","1","1","1"
"5384","亀裂の洞窟","32704","32895","32640","32831","1","1","0","0","0","1","1","1","1","1","1","1","1"
"5435","亀裂の洞窟","32704","32959","32704","32959","1","1","0","0","0","1","1","1","1","1","1","1","1"
"5490","リニューアル釣り","32640","32895","32704","32959","0","0","0","0","1","1","1","0","1","0","0","1","1"
"5501","魔女たちの遊び場1番地","32704","32959","32832","33087","1","1","0","0","0","1","1","1","1","1","1","1","1"
"5551","するパス校本拠地","32704","32959","32832","33087","1","1","0","0","0","1","1","1","1","1","1","1","1"
"5554","屋外結婚式場","32640","32895","32704","32959","1","1","0","0","0","1","1","1","1","1","1","1","1"
"5555","水晶の洞窟(PC)","32704","32895","32768","32959","1","1","0","0","0","1","1","1","1","1","1","1","1"
"5556","コロシアム(PC)","33472","33599","32640","32767","1","1","0","0","0","1","1","1","1","1","1","1","1"
"5557","コロシアム(ギラン1)","33472","33599","32640","32767","1","1","0","0","0","1","1","1","1","1","1","1","1"
"5558","コロシアム(ギラン2)","33472","33599","32640","32767","1","1","0","0","0","1","1","1","1","1","1","1","1"
"5559","コロシアム(ギラン3)","33472","33599","32640","32767","1","1","0","0","0","1","1","1","1","1","1","1","1"
"5560","コロシアム(ギラン4)","33472","33599","32640","32767","1","1","0","0","0","1","1","1","1","1","1","1","1"
"5561","コロシアム(ギラン5)","33472","33599","32640","32767","1","1","0","0","0","1","1","1","1","1","1","1","1"
"5701","歌う島(台湾のイベント)(マップがない)","32576","33023","32512","32959","1","1","0","0","1","1","1","1","1","1","1","1","1"
"5801","隠された谷(台湾のイベント)(マップがない)","32512","32831","32704","33023","1","1","0","0","1","1","1","1","1","1","1","1","1"
"5802","隠された谷(台湾のイベント)(マップがない)","32512","32831","32704","33023","1","1","0","0","1","1","1","1","1","1","1","1","1"
"5803","隠された谷(台湾のイベント)(マップがない)","32512","32831","32704","33023","1","1","0","0","1","1","1","1","1","1","1","1","1"
"5804","隠された谷(台湾のイベント)(マップがない)","32512","32831","32704","33023","1","1","0","0","1","1","1","1","1","1","1","1","1"
"5805","隠された谷(台湾のイベント)(マップがない)","32512","32831","32704","33023","1","1","0","0","0","1","1","1","1","1","1","1","1"
"6041","アンタラスの洞窟(一般)","32768","32895","32768","32895","1","1","0","0","0","1","1","1","1","1","1","1","1"
"6201","アンタラスの洞窟(一般)","32768","33151","32768","33151","1","1","0","0","0","1","1","1","1","1","1","1","1"
"6202","アンタラスの洞窟(一般)","32768","33151","32768","33151","1","1","0","0","0","1","1","1","1","1","1","1","1"
"6203","アンタラスの洞窟(一般)","32768","33151","32768","33151","1","1","0","0","0","1","1","1","1","1","1","1","1"
"6400","アンタラスの洞窟(一般)","32576","32831","32768","33023","1","1","0","0","0","1","1","1","1","1","1","1","1"
"6430","アンタラスの洞窟(一般)","32576","32831","32768","33023","1","1","0","0","0","1","1","1","1","1","1","1","1"
"7000","イベントの森(日本イベント)(マップがない)","32640","32959","32576","32895","1","1","0","0","1","1","1","1","1","1","1","1","1"
"7001","地獄(日本のイベント)(マップがない)","32640","32831","32704","32895","1","1","0","0","1","1","1","1","1","1","1","1","1"
"7002","影の神殿(日本イベント)(マップがない)","32512","32767","32512","32767","1","1","0","0","1","1","1","1","1","1","1","1","1"
"7003","影の神殿(日本イベント)(マップがない)","32512","32767","32512","32767","1","1","0","0","1","1","1","1","1","1","1","1","1"
"7004","影の神殿(日本イベント)(マップがない)","32512","32767","32512","32767","1","1","0","0","1","1","1","1","1","1","1","1","1"
"7005","影の神殿(日本イベント)(マップがない)","32512","32767","32512","32767","1","1","0","0","1","1","1","1","1","1","1","1","1"
"7006","影の神殿(日本イベント)(マップがない)","32512","32767","32512","32767","1","1","0","0","1","1","1","1","1","1","1","1","1"
"7007","Sin Tomb JP Event(マップがない)","32704","32895","32768","32959","1","1","0","0","1","1","1","1","1","1","1","1","1"
"7008","Sin Tomb JP Event(マップがない)","32704","32895","32768","32959","1","1","0","0","1","1","1","1","1","1","1","1","1"
"7009","Sin Tomb JP Event(マップがない)","32704","32895","32768","32959","1","1","0","0","1","1","1","1","1","1","1","1","1"
"7010","Sin Tomb JP Event(マップがない)","32704","32895","32768","32959","1","1","0","0","1","1","1","1","1","1","1","1","1"
"7011","Sin Tomb JP Event(マップがない)","32704","32895","32768","32959","1","1","0","0","1","1","1","1","1","1","1","1","1"
"7051","イベントの森(日本イベント)(マップがない)","32640","32959","32576","32895","1","1","0","0","1","1","1","1","1","1","1","1","1"
"7052","イベントの森(日本イベント)(マップがない)","32640","32959","32576","32895","1","1","0","0","1","1","1","1","1","1","1","1","1"
"7053","イベントの森(日本イベント)(マップがない)","32640","32959","32576","32895","1","1","0","0","1","1","1","1","1","1","1","1","1"
"7054","イベントの森(日本イベント)(マップがない)","32640","32959","32576","32895","1","1","0","0","1","1","1","1","1","1","1","1","1"
"7055","イベントの森(日本イベント)(マップがない)","32640","32959","32576","32895","1","1","0","0","1","1","1","1","1","1","1","1","1"
"7100","名前なし(ハロウィンイベントで同じ)","32704","32959","32832","33087","1","1","0","0","0","1","1","1","1","1","1","1","1"
"7783","クラウディア","32448","32831","32704","33023","1","1","0","0","0","1","1","1","1","1","1","1","1"
"8011","歌う島(マップがない)","32768","32895","32768","32895","1","1","0","0","0","1","1","0","1","0","0","1","1"
"8012","歌う島：西部(マップがない)","32704","32895","32704","32895","1","1","0","0","0","1","1","0","1","0","0","1","1"
"8013","ドローモンドの部屋(マップがない)","32704","32767","32768","32831","1","1","0","0","0","1","1","0","1","0","0","1","1"
"8014","訓練場(マップがない)(マップがない)","32704","32767","32704","32831","1","1","0","0","0","1","1","0","1","0","0","1","1"
"8015","歌う島：北部(マップがない)","32704","32831","32704","32831","1","1","0","0","0","1","1","0","1","0","0","1","1"
"9000","過去巻い","32576","32895","32640","33023","1","1","0","0","0","1","1","1","1","1","1","1","1"
"9100","象牙の塔の秘密研究所","32704","32767","32832","32895","1","1","0","1","1","1","1","1","1","1","1","1","1"
"9101","ライナーデッキ","32640","32831","32768","32895","1","1","0","0","0","1","0","1","1","0","0","1","1"
"9102","ライナーデッキ","32704","32831","32768","32895","1","1","0","0","0","1","0","1","1","0","0","1","1"
"9202","象牙の塔の秘密研究所","32704","32767","32832","32895","1","1","0","0","0","1","1","1","1","1","1","1","1"
"9401","魔法線地下1階(難易度中)","32640","32831","32768","32895","1","1","0","0","0","1","1","1","1","1","1","1","1"
"10101","用の墓","32576","33087","32512","33023","1","1","0","0","0","1","1","1","1","1","1","1","1"
"10200","守護塔占領戦1次元","32704","33087","32704","33087","1","1","0","0","0","1","1","1","1","1","1","1","1"
"10210","守護塔占領戦1次元","32704","33087","32704","33087","1","1","0","0","0","1","1","1","1","1","1","1","1"
"10250","ギルタスの聖地","32256","32895","32448","32959","1","1","0","0","0","1","1","1","1","1","1","1","1"
"10500","TBラス砂漠","32576","32831","32704","33087","1","1","0","0","0","1","1","1","1","1","1","1","1"
"10501","TBラスピラミッド地下","32704","33023","32704","32895","1","1","0","0","0","1","1","1","1","1","1","1","1"
"10502","TBラスピラミッド内部","32640","32831","32768","33023","1","1","0","0","0","1","1","1","1","1","1","1","1"
"11150","名前なし(テーベ砂漠同じ)","32640","32959","33088","33407","1","1","0","0","0","1","1","1","1","1","1","1","1"
"11180","名前なし(テーベ砂漠同じ)","32640","32959","33088","33407","1","1","0","0","0","1","1","1","1","1","1","1","1"
"11200","名前なし(モンソム+華東？)","32576","32959","32576","32959","1","1","0","0","0","1","1","1","1","1","1","1","1"
"11230","名前なし(モンソム+華東？)","32576","32959","32576","32959","1","1","0","0","0","1","1","1","1","1","1","1","1"
"11250","名前なし(モンソム+華東？)","32576","32959","32576","32959","1","1","0","0","0","1","1","1","1","1","1","1","1"
"11252","名前なし(モンソム+華東？)","32576","32959","32576","32959","1","1","0","0","0","1","1","1","1","1","1","1","1"
"12000","象牙の塔：バルログ陣営4階","32832","32959","32704","32831","1","1","0","0","0","1","1","1","1","1","1","1","1"
"12001","象牙の塔：バルログ陣営5階","32704","32831","32768","32895","1","1","0","0","0","1","1","1","1","1","1","1","1"
"12002","象牙の塔：バルログ陣営6階","32704","32831","32768","32895","1","1","0","0","0","1","1","1","1","1","1","1","1"
"12003","象牙の塔：バルログ陣営7階","32704","32831","32768","32895","1","1","0","0","0","1","1","1","1","1","1","1","1"
"12004","象牙の塔：バルログ陣営8階","32640","32767","32768","32895","1","1","0","0","0","1","1","1","1","1","1","1","1"
"12005","象牙の塔：ヤヒ陣営4階(PC)","32832","32959","32704","32831","1","1","0","0","0","1","1","1","1","1","1","1","1"
"12006","象牙の塔：ヤヒ陣営5階(PC)","32704","32831","32768","32895","1","1","0","0","0","1","1","1","1","1","1","1","1"
"12007","象牙の塔：ヤヒ陣営6階(PC)","32704","32831","32768","32895","1","1","0","0","0","1","1","1","1","1","1","1","1"
"12008","象牙の塔：ヤヒ陣営7階(PC)","32704","32831","32768","32895","1","1","0","0","0","1","1","1","1","1","1","1","1"
"12009","象牙の塔：ヤヒ陣営8階(PC)","32640","32767","32768","32895","1","1","0","0","0","1","1","1","1","1","1","1","1"
"12010","ケント城ダンジョン1階","32640","32767","33024","33151","1","1","0","0","0","1","1","1","1","1","1","1","1"
"12011","ケント城ダンジョン2階","32704","32831","32832","32959","1","1","0","0","0","1","1","1","1","1","1","1","1"
"12012","ケント城ダンジョン3階","32704","32831","32896","33087","1","1","0","0","0","1","1","1","1","1","1","1","1"
"12013","ケント城ダンジョン4階","32640","32767","32832","33023","1","1","0","0","0","1","1","1","1","1","1","1","1"
"12014","地下通路(血盟)","32768","32959","32832","33215","1","1","0","0","1","1","1","0","0","0","0","1","1"
"12146","クモ洞窟","32704","32831","32768","32895","1","1","0","0","0","1","1","1","1","1","0","1","1"
"12147","死者の聖域1階","32640","32831","32896","33151","1","1","0","0","0","1","1","1","1","1","0","1","1"
"12148","死者の聖域2階","32640","32831","32768","32895","1","1","0","0","0","1","1","1","1","1","0","1","1"
"12149","地下世界","32704","32895","32768","32959","1","1","0","0","0","1","1","1","1","1","0","1","1"
"12150","アインハザード神殿","32512","32639","32832","33023","1","1","0","0","0","1","1","1","1","1","0","1","1"
"12152","クラウディア性","32704","32831","32768","32959","1","1","0","0","0","1","1","1","1","1","0","1","1"
"12257","アインハザードの神殿1","32512","32639","32832","33023","1","1","0","0","0","1","1","1","1","1","0","1","1"
"12358","アインハザードの神殿2","32768","32831","32768","32831","1","1","0","0","0","1","1","1","1","1","0","1","1"
"12797","新マップのテスト","32576","33023","32640","33087","1","1","0","0","1","1","1","1","1","1","1","1","1"
"12802","新マップのテスト","32704","32959","32832","33087","1","1","0","0","1","1","1","1","1","1","1","1","1"
"13000","新マップのテスト","32704","32767","32832","32895","1","1","0","0","1","1","1","1","1","1","1","1","1"
"13001","最後の決着(コロ)","32704","32767","32832","32895","1","1","0","0","1","1","1","1","1","1","1","1","1"
"13002","アリーナ(コロ)","32768","32831","32768","32895","1","1","0","0","1","1","1","1","1","1","1","1","1"
"13003","ウォースクエア - トラップ前(コロ)","32704","32767","32832","32895","1","1","0","0","1","1","1","1","1","1","1","1","1"
"13004","バトルハンター(コロ)","32704","32895","32768","32895","1","1","0","0","1","1","1","1","1","1","1","1","1"
"13005","コロシアム","32704","32767","32832","32895","1","1","0","0","1","1","1","1","1","1","1","1","1"
"13006","コロシアム","32768","32831","32768","32895","1","1","0","0","1","1","1","1","1","1","1","1","1"
"15401","支配者の結界1階","32704","32895","32768","32959","1","1","0","0","1","1","1","1","1","1","1","1","1"
"15402","支配者の結界2階","32640","33023","32768","32959","1","1","0","0","1","1","1","1","1","1","1","1","1"
"15403","支配者結界1階","32704","32895","32768","32959","1","1","0","0","1","1","1","1","1","1","1","1","1"
"15404","支配者結界2階","32640","32831","32768","32959","1","1","0","0","1","1","1","1","1","1","1","1","1"
"16384","旅館","32704","32767","32768","32831","1","1","0","0","0","1","1","0","1","0","1","1","1"
"16896","旅館","32704","32767","32768","32831","1","1","0","0","0","1","1","0","1","0","1","1","1"
"17408","旅館","32704","32767","32768","32831","1","1","0","0","0","1","1","0","1","0","1","1","1"
"17492","旅館","32704","32767","32768","32831","1","1","0","0","0","1","1","0","1","0","1","1","1"
"17820","旅館","32704","32767","32768","32831","1","1","0","0","0","1","1","0","1","0","1","1","1"
"17920","旅館","32704","32767","32768","32831","1","1","0","0","0","0","0","0","1","0","0","1","1"
"18432","旅館","32704","32767","32768","32831","1","1","0","0","0","1","1","0","1","0","0","1","1"
"18944","旅館","32704","32767","32768","32831","1","1","0","0","0","1","1","0","1","0","0","1","1"
"19456","旅館","32704","32767","32768","32831","1","1","0","0","0","1","1","0","1","0","0","1","1"
"19968","旅館","32704","32767","32768","32831","1","1","0","0","0","1","1","0","1","0","0","1","1"
"20480","旅館","32704","32767","32768","32831","1","1","0","0","0","1","1","0","1","0","0","1","1"
"20992","旅館","32704","32767","32768","32831","1","1","0","0","0","1","1","0","1","0","0","1","1"
"21504","旅館","32704","32767","32768","32831","1","1","0","0","0","1","1","0","1","0","0","1","1"
"22016","旅館","32704","32767","32768","32831","1","1","0","0","0","1","1","0","1","0","0","1","1"
"22528","旅館","32704","32767","32768","32831","1","1","0","0","0","1","1","0","1","0","0","1","1"
"23040","旅館","32704","32767","32768","32831","1","1","0","0","0","1","1","0","1","0","0","1","1"
"23552","旅館","32704","32767","32768","32831","1","1","0","0","0","1","1","0","1","0","0","1","1"
"24064","旅館","32704","32767","32768","32831","1","1","0","0","0","1","1","0","1","0","0","1","1"
"24576","旅館","32704","32767","32768","32831","1","1","0","0","0","1","1","0","1","0","0","1","1"
"25088","旅館","32704","32767","32768","32831","1","1","0","0","0","1","1","0","1","0","0","1","1"
