"npcid","normal_action","caotic_action","teleport_url","teleport_urla"
"6","tmege01","tmege01","",""
"7","anold1","anold1","",""
"8","jiller01","jiller01","",""
"9","naruto1","naruto1","",""
"205","tebegate2","tebegate2","",""
"5000","bs_01","bs_01","",""
"5001","bs_01","bs_01","",""
"5002","bs_01","bs_01","",""
"5003","bs_01","bs_01","",""
"5004","bs_01","bs_01","",""
"5005","bs_01","bs_01","",""
"5006","bs_01","bs_01","",""
"5007","bs_01","bs_01","",""
"5008","bs_01","bs_01","",""
"5009","bs_01","bs_01","",""
"5010","pbs_01","pbs_01","",""
"5011","bs_01","bs_01","",""
"5012","bs_01","bs_01","",""
"5013","burz1","burz1","",""
"5062","zigpride1","zigpride1","",""
"5063","zig1","zig1","",""
"5064","nuriel","nuriel","",""
"5065","lesa","lesa","",""
"5066","crafttable","crafttable","",""
"5067","trade-guide","trade-guide","",""
"5068","nuriel","nuriel","",""
"5070","Mobjtele","Mobjtele","",""
"5071","nuriel","nuriel","",""
"5072","pcsuprise","pcsuprise","",""
"5073","pctoy","pctoy","",""
"5078","icq_2","icq_2","",""
"5079","icq_1","icq_1","",""
"5086","icqwand1","icqwand1","",""
"5087","newsbin","newsbin","",""
"5088","8event3","8event3","",""
"5089","rostin1","rostin1","",""
"5090","nuriel","nuriell","",""
"5091","ellunatel","ellunatel","ellunatel2",""
"5092","elfin","elfin","",""
"5093","elli","elli","",""
"5104","sibilre","sibilre","",""
"5105","nuriel","nuriel","",""
"5111","veteran01","veteran01","",""
"5112","lind_sm","lind_sm","",""
"5125","canus1","canus1","",""
"5126","merisha","merisha","",""
"5128","zi4","zi4","",""
"5130","zi3","zi3","",""
"5131","exitkir1","exitkir1","",""
"5132","nuriel","nuriel","",""
"5155","wdguard6","wdguard6","wdguard6",""
"5156","balsim","balsim","",""
"5157","vola","vola1","",""
"5161","vjaya01","vjaya01","",""
"5162","slot7","slot7","",""
"5163","joinrk","joinrk","",""
"5164","bdp","bdp","",""
"5165","bdp1","bdp1","",""
"9271","doria","doria","doria3",""
"9272","nuriel","nuriel","",""
"9273","siriss","siriss","",""
"9274","tutorrw4","tutorrw4","",""
"9275","adminrw4","adminrw4","",""
"9291","siabeth","siabeth","",""
"9510","zig1","zig1","",""
"11887","fg_leong","fg_leong","",""
"45015","duck1","duck1","",""
"45154","mermaid","mermaid","",""
"46069","minicod1","minicod1","",""
"46070","minicod3","minicod3","",""
"46072","minicod2","minicod2","",""
"46074","minicod2","minicod2","",""
"46075","minicod3","minicod3","",""
"46076","minicod1","minicod1","",""
"46077","minicod2","minicod2","",""
"46078","minicod1","minicod1","",""
"46079","minicod2","minicod2","",""
"46080","minicod1","minicod1","",""
"46081","minicod2","minicod2","",""
"46092","minicod3","minicod3","",""
"46093","minicod3","minicod3","",""
"46094","minicod2","minicod2","",""
"46095","minicod2","minicod2","",""
"46096","minicod1","minicod1","",""
"50001","barnia1","barnia1","barnia4",""
"50002","sky4","sky4","sky1",""
"50003","illdrath1","illdrath1","illdrath",""
"50004","htel","htel","htel1",""
"50005","karen3","karen3","karen1",""
"50006","coco4","coco4","coco1",""
"50007","esmereld","esmereld","esmereld",""
"50008","aghvout","aghvout","agout",""
"50009","ishtar1","ishtar1","ishtar",""
"50010","stel","stel","stel1",""
"50011","kun4","kun4","kun2",""
"50012","kiyari4","kiyari4","kiyari2",""
"50013","agsiout","agsiout","agout",""
"50014","dilong2","dilong2","dilongs",""
"50016","zeno","zeno","zeno2",""
"50017","telefire1","telefire2","telefire3",""
"50018","colos","colos","colos1",""
"50019","colusher","colusher","",""
"50021","teleckent1","teleckent1","teleckent2",""
"50022","telefire1","telefire2","telefire3",""
"50023","kentober1","kentober1","kentober2",""
"50025","gltzguard","gltzguard","gltzguard1",""
"50026","telegltz1","telegltz1","telegltz2",""
"50027","gltztele","gltztele","gltztele1",""
"50028","colos","colos","colos1",""
"50029","colusher","colusher","",""
"50030","telefire1","telefire2","telefire3",""
"50031","sepia2","sepia2","",""
"50032","grtzguard","grtzguard","grtzguard1",""
"50033","telegrtz1","telegrtz1","telegrtz2",""
"50034","grtztele","grtztele","grtztele1",""
"50035","telecgiran1","telecgiran1","telecgiran2",""
"50037","colos","colos","colos1",""
"50038","colusher","colusher","",""
"50040","telecdwarf1","telecdwarf1","telecdwarf2",""
"50041","colos","colos","colos1",""
"50042","colusher","colusher","",""
"50043","ramudap2","ramudap2","ramudap1",""
"50045","edlen1","edlen1","",""
"50047","telecaden1","telecaden1","telecaden2",""
"50048","ortzguard","ortzguard","ortzguard1",""
"50049","teleortz1","teleortz1","teleortz2",""
"50050","ortztele","ortztele","ortztele1",""
"50052","telecwoods1","telecwoods1","telecwoods2",""
"50053","telefire1","telefire2","telefire3",""
"50055","drist2","drist2","",""
"50057","telefire1","telefire2","telefire3",""
"50058","sktzguard","sktzguard","sktzguard1",""
"50059","telesktz1","telesktz1","telesktz2",""
"50060","sktztele","sktztele","sktztele1",""
"50061","colos","colos","colos1",""
"50062","colusher","colusher","",""
"50063","telecorc1","telecorc1","telecorc2",""
"50064","duvall1","duvall1","duvall3",""
"50065","ribian4","ribian4","",""
"50067","telecheine1","telecheine1","telecheine2",""
"50068","telescave1","telescave1","telescave2",""
"50069","enya3","enya3","enya1",""
"50070","chisvall1","chisvall1","escapefi2",""
"50071","escapefi1","escapefi1","escapefi2",""
"50072","teleoum1","teleoum1","teleoum2",""
"50073","telediad1","telediad1","telediad2",""
"50074","telecavern1","telecavern1","telecavern2",""
"50075","telecdiad1","telecdiad1","telecdiad2",""
"50076","telgrave1","telgrave1","telgrave2",""
"50077","telabyss1","telabyss1","telabyss2",""
"50078","picrystal","picrystal","picrystal1",""
"50080","paul1","paul1","teleorcbdg1",""
"50081","subinvest1","subinvest1","",""
"50084","exitghost1","exitghost1","",""
"50111","orenc14","orenc14","",""
"50112","orenb1","orenb1","orenb0",""
"50113","orena1","orena1","orena0",""
"50114","orenh1","orenh1","orenh0",""
"50115","oreno1","oreno1","oreno0",""
"50116","orend1","orend1","orend0",""
"50117","orene1","orene1","orene0",""
"50118","niki","niki","",""
"50119","orenf1","orenf1","orenf0",""
"50120","oreni1","oreni1","oreni0",""
"50121","oreng1","oreng1","oreng0",""
"50122","orenj1","orenj1","orenj0",""
"50123","orenk1","orenk1","orenk0",""
"50124","orenm1","orenm1","orenm0",""
"50125","orenl1","orenl1","orenl0",""
"50126","orenn1","orenn1","orenn0",""
"50127","consul2","consul2","consul1",""
"50501","agit","agit","agtel0",""
"50502","agit","agit","agtel0",""
"50503","agit","agit","agtel0",""
"50504","agit","agit","agtel0",""
"50505","agit","agit","agtel0",""
"50506","agit","agit","agtel0",""
"50507","agit","agit","agtel0",""
"50508","agit","agit","agtel0",""
"50509","agit","agit","agtel0",""
"50510","agit","agit","agtel0",""
"50511","agit","agit","agtel0",""
"50512","agit","agit","agtel0",""
"50513","agit","agit","agtel0",""
"50514","agit","agit","agtel0",""
"50515","agit","agit","agtel0",""
"50516","agit","agit","agtel0",""
"50517","agit","agit","agtel0",""
"50518","agit","agit","agtel0",""
"50519","agit","agit","agtel0",""
"50520","agit","agit","agtel0",""
"50521","agit","agit","agtel0",""
"50522","agit","agit","agtel0",""
"50523","agit","agit","agtel0",""
"50524","agit","agit","agtel0",""
"50525","agit","agit","agtel0",""
"50526","agit","agit","agtel0",""
"50527","agit","agit","agtel0",""
"50528","agit","agit","agtel0",""
"50529","agit","agit","agtel0",""
"50530","agit","agit","agtel0",""
"50531","agit","agit","agtel0",""
"50532","agit","agit","agtel0",""
"50533","agit","agit","agtel0",""
"50534","agit","agit","agtel0",""
"50535","agit","agit","agtel0",""
"50536","agit","agit","agtel0",""
"50537","agit","agit","agtel0",""
"50538","agit","agit","agtel0",""
"50539","agit","agit","agtel0",""
"50540","agit","agit","agtel0",""
"50541","agit","agit","agtel0",""
"50542","agit","agit","agtel0",""
"50543","agit","agit","agtel0",""
"50544","agit","agit","agtel0",""
"50545","agit","agit","agtel0",""
"50546","agit","agit","agtel0",""
"50547","agit","agit","agtel0",""
"50548","agit","agit","agtel0",""
"50549","agit","agit","agtel0",""
"50550","agit","agit","agtel0",""
"50551","agit","agit","agtel0",""
"50552","agit","agit","agtel0",""
"50553","agit","agit","agtel0",""
"50554","agit","agit","agtel0",""
"50555","agit","agit","agtel0",""
"50556","agit","agit","agtel0",""
"50557","agit","agit","agtel0",""
"50558","agit","agit","agtel0",""
"50559","agit","agit","agtel0",""
"50560","agit","agit","agtel0",""
"50561","agit","agit","agtel0",""
"50562","agit","agit","agtel0",""
"50563","agit","agit","agtel0",""
"50564","agit","agit","agtel0",""
"50565","agit","agit","agtel0",""
"50566","agit","agit","agtel0",""
"50567","agit","agit","agtel0",""
"50568","agit","agit","agtel0",""
"50569","agit","agit","agtel0",""
"50570","agit","agit","agtel0",""
"50571","agit","agit","agtel0",""
"50572","agit","agit","agtel0",""
"50573","agit","agit","agtel0",""
"50574","agit","agit","agtel0",""
"50575","agit","agit","agtel0",""
"50576","agit","agit","agtel0",""
"50577","agit","agit","agtel0",""
"50578","agit","agit","agtel0",""
"50579","agit","agit","agtel0",""
"50580","agit","agit","agtel0",""
"50581","agit","agit","agtel0",""
"50582","agit","agit","agtel0",""
"50583","agit","agit","agtel0",""
"50584","agit","agit","agtel0",""
"50585","agit","agit","agtel0",""
"50586","agit","agit","agtel0",""
"50587","agit","agit","agtel0",""
"50588","agit","agit","agtel0",""
"50589","agit","agit","agtel0",""
"50590","agit","agit","agtel0",""
"50591","agit","agit","agtel0",""
"50592","agit","agit","agtel0",""
"50593","agit","agit","agtel0",""
"50594","agit","agit","agtel0",""
"50595","agit","agit","agtel0",""
"50596","agit","agit","agtel0",""
"50597","agit","agit","agtel0",""
"50598","agit","agit","agtel0",""
"50599","agit","agit","agtel0",""
"50600","agit","agit","agtel0",""
"50601","agit","agit","agtel0",""
"50602","agit","agit","agtel0",""
"50603","agit","agit","agtel0",""
"50604","agit","agit","agtel0",""
"50605","agit","agit","agtel0",""
"50606","agit","agit","agtel0",""
"50607","agit","agit","agtel0",""
"50608","kinin2","kinin2","",""
"50609","agit","agit","agtel0",""
"50610","agit","agit","agtel0",""
"50611","agit","agit","agtel0",""
"50612","agit","agit","agtel0",""
"50613","agit","agit","agtel0",""
"50614","agit","agit","agtel0",""
"50615","agit","agit","agtel0",""
"50616","agit","agit","agtel0",""
"50617","agit","agit","agtel0",""
"50618","agit","agit","agtel0",""
"50619","agit","agit","agtel0",""
"50620","agit","agit","agtel0",""
"50621","agit","agit","agtel0",""
"50622","agit","agit","agtel0",""
"50623","agit","agit","agtel0",""
"50624","agit","agit","agtel0",""
"50625","acient1","acient1","",""
"50626","agit","agit","agtel0",""
"50627","agit","agit","agtel0",""
"50628","agit","agit","agtel0",""
"50629","agit","agit","agtel0",""
"50630","agit","agit","agtel0",""
"50631","agit","agit","agtel0",""
"60001","nuriel","nuriel","",""
"60002","nuriel","nuriel","",""
"60003","nuriel","nuriel","",""
"60004","nuriel","nuriel","",""
"60005","nuriel","nuriel","",""
"60006","nuriel","nuriel","",""
"60007","nuriel","nuriel","",""
"60008","nuriel","nuriel","",""
"60009","nuriel","nuriel","",""
"60010","nuriel","nuriel","",""
"60011","nuriel","nuriel","",""
"60012","nuriel","nuriel","",""
"60013","nuriel","nuriel","",""
"60014","nuriel","nuriel","",""
"60015","nuriel","nuriel","",""
"60016","nuriel","nuriel","",""
"60017","nuriel","nuriel","",""
"60018","nuriel","nuriel","",""
"60019","nuriel","nuriel","",""
"60020","nuriel","nuriel","",""
"60021","nuriel","nuriel","",""
"60022","nuriel","nuriel","",""
"60023","nuriel","nuriel","",""
"60024","nuriel","nuriel","",""
"60025","nuriel","nuriel","",""
"60026","orclon","orclon","porclon",""
"60027","nuriel","nuriel","",""
"60028","elE1","elE1","elCE1",""
"60029","nuriel","nuriel","",""
"60030","nuriel","nuriel","",""
"60031","nuriel","nuriel","",""
"60032","garin","garinl","pgarin",""
"60033","gawl","gawll","pgawl",""
"60034","nuriel","nuriel","",""
"60035","zidar","zadarl","pgawl",""
"60036","tigus","tigusl","pgawl",""
"60037","en1011","en1011","",""
"60169","gunterdg1","gunterdg1","",""
"60501","patguard","patguard","",""
"60502","patguard","patguard","",""
"60506","","","",""
"60507","","","",""
"60508","","","",""
"60509","","","",""
"60510","","","",""
"60513","","","",""
"60514","ktguard6","ktguard6","ktguard6",""
"60515","","","",""
"60516","","","",""
"60517","","","",""
"60522","","","",""
"60523","","","",""
"60524","grguard6","grguard6","grguard6",""
"60525","grguard6","grguard6","grguard6",""
"60526","","","",""
"60527","","","",""
"60528","","","",""
"60529","grguard6","grguard6","grguard6",""
"60530","dcguard6","dcguard6","dcguard6",""
"60531","dcguard6","dcguard6","dcguard6",""
"60533","adguard6","adguard6","adguard6",""
"60534","adguard6","adguard6","adguard6",""
"60537","adguard6","adguard6","adguard6",""
"60538","adguard6","adguard6","adguard6",""
"60539","adguard6","adguard6","adguard6",""
"60540","adguard6","adguard6","adguard6",""
"60551","","","",""
"60552","wdguard6","wdguard6","wdguard6",""
"60553","","","",""
"60554","","","",""
"60558","sdummy1","sdummy1","",""
"60559","sdummy1","sdummy1","",""
"60560","orcguard6","orcguard6","orcguard6",""
"60563","heguard6","heguard6","heguard6",""
"60565","wdguard4","wdguard4","wdguard5",""
"70000","marbinquest7","marbinquest7","",""
"70001","rose1","rose1","rose6",""
"70002","sasha","sasha","",""
"70003","siriss","siriss","sirissmg",""
"70004","johan","johan","johan1",""
"70005","en0131","en0131","",""
"70006","kiris","kiris","",""
"70007","tina1","tina1","tina6",""
"70008","fraoun","fraoun","",""
"70009","","","",""
"70010","balsim","balsim","",""
"70011","shipEvI3","shipEvI1","",""
"70012","inn","Inn1","",""
"70013","cold1","cold2","",""
"70014","pandora","pandora5","",""
"70015","arieh1","arieh1","arieh6",""
"70016","andyn","andyn","andyn3",""
"70017","orim1","orim1","orim2",""
"70018","ysorya","ysorya","ysorya3",""
"70019","inn","Inn1","",""
"70020","rrollko","rrollko","rrollko1",""
"70021","luth","luth","luth3",""
"70022","shipEvM1","shipEvM1","shipEvM2",""
"70023","tzmerchant","tzmerchant","",""
"70024","catty","catty","catty3",""
"70025","pasim","pasim","pasim2",""
"70026","derek1","derek1","derek2",""
"70027","crafttable","crafttable","0",""
"70028","crafttable","crafttable","",""
"70029","margaret1","margaret1","margaret2",""
"70030","mayer","mayer","mayer3",""
"70031","inn","Inn1","",""
"70032","vergil","vergil","vergil3",""
"70033","verita","verita","verita3",""
"70034","vincent1","vincent1","vincent2",""
"70035","raymond1","raymond1","",""
"70036","stella1","stella1","stella6",""
"70037","tzmerchant","tzmerchant","",""
"70038","evert1","evert1","evert2",""
"70039","werner","werner","werner3",""
"70040","jason1","jason1","jason2",""
"70041","raymond1","raymond1","",""
"70042","raymond1","raymond1","",""
"70043","philip1","philip1","philip2",""
"70044","ralf1","ralf1","ralf6",""
"70045","berry1","berry1","berry6",""
"70046","pandora","pandora","",""
"70047","defman","defman","defman3",""
"70048","raon","raon","raon3",""
"70049","rozen1","rozen1","rozen2",""
"70050","ruky1","ruky1","ruky6",""
"70051","magus","magus","magus2",""
"70052","mellisa","mellisa","mellisa3",""
"70053","sharu1","sharu1","sharu2",""
"70054","inn","Inn1","",""
"70055","ashinnue","ashinnue","",""
"70056","jode","jode","jode1",""
"70057","catherine","catherine","catherine3",""
"70058","fega","fega","fega3",""
"70059","dico","dico","dico3",""
"70060","rinda","rinda","rinda3",""
"70061","mandra","mandra","mandra3",""
"70062","varyeth","varyeth","varyeth3",""
"70063","bius","bius","bius3",""
"70064","tzmerchant","tzmerchant","",""
"70065","inn","Inn1","",""
"70066","kreister","kreister","kreister3",""
"70067","pagoru","pagoru","pagoru3",""
"70068","franko","franko","franko1",""
"70069","momo1","momo1","momo6",""
"70070","inn","Inn1","",""
"70071","ashur","ashur","ashur3",""
"70072","elmina","elmina","elmina3",""
"70073","glen","glen1","",""
"70074","mellin","mellin1","",""
"70075","inn","Inn1","",""
"70076","tzmerchant","tzmerchant","",""
"70077","dogdealer","dogdealer","rodney",""
"70078","orcm1","orcm1","orcm6",""
"70079","jackson","jackson","jackson3",""
"70080","horunev1","horunev1","horunev2",""
"70081","buakheu1","buakheu1","buakheu2",""
"70082","britt","britt","britt3",""
"70083","shivan","shivan","shivan3",""
"70084","inn","Inn1","",""
"70085","old1","old1","old6",""
"70086","chisvall1","chisvall1","",""
"70087","sedia4","sedia4","",""
"70088","scwaty1","scwaty1","scwaty2",""
"70089","oblivion1","oblivion1","oblivion2",""
"70090","chiky1","chiky1","chiky3",""
"70091","tilon1","tilon1","tilon13",""
"70092","emart","emart","",""
"70093","karupu","karupu","",""
"70094","duran","duran","duran2",""
"70095","duron1","duron1","",""
"70096","inn","Inn1","",""
"70097","foni1","foni1","",""
"70098","bobo1","bobo1","",""
"70099","kuper2","kuper2","",""
"70100","lengo1","lengo1","",""
"70101","fiin1","fiin1","",""
"70102","judice1","judice1","",""
"70503","goodman","goodman","",""
"70504","neutralman","neutralman","",""
"70506","en0101","en0101","",""
"70507","rion1","rion1","rion2",""
"70508","enchanterw1","enchanterw1","encw",""
"70509","enchantera1","enchantera1","enca",""
"70510","newgypsy","newgypsy","gypsy1",""
"70511","evilman","evilman","",""
"70512","noved","noved","",""
"70513","peria1","peria1","peria2",""
"70514","freehaste","freehaste","",""
"70517","cuse1","cuse1","cuse3",""
"70518","tio","tio","",""
"70519","peria1","peria1","peria2",""
"70520","alchemy1","alchemy1","alchemy4",""
"70522","","","",""
"70523","ladar1","ladarC1","",""
"70524","lavienue9","lavienue9","lavienue2",""
"70525","lien1","lienC1","",""
"70526","raiders1","raiders1","raiders3",""
"70527","lengo1","lengo1","",""
"70528","othertown","othertown","othertownh",""
"70529","mona1","mona1","",""
"70530","restore1pk","restore1pk","helppk",""
"70531","jem2","jem2","",""
"70532","johnson1","johnson1","",""
"70533","judice1","judice1","",""
"70534","secretary1","secretary1","secretary4",""
"70535","kuper1","kuper1","",""
"70536","touma1","touma1","touma2",""
"70537","farlin1","farlinC1","",""
"70538","bpledge2","bpledge2","bpledge1",""
"70539","fiin1","fiin1","",""
"70540","alchemy1","alchemy1","alchemy4",""
"70544","dick1","dick1","dick2",""
"70545","richard3","richard3","",""
"70546","othertown","othertown","othertownh",""
"70547","encwc","encwc","",""
"70549","gatekeeperop","gatekeeperop","gatekeeperop",""
"70550","encac","encac","",""
"70553","ishmael1","ishmael1","ishmael2",""
"70554","zero2","zero2","",""
"70555","","","",""
"70556","secretary1","secretary1","secretary4",""
"70560","bpledge2","bpledge2","bpledge1",""
"70562","hunt1","hunt1","hunt2",""
"70563","alchemy1","alchemy1","alchemy4",""
"70567","othertown","othertown","othertownh",""
"70568","yuno","yuno","",""
"70572","secretary1","secretary1","secretary4",""
"70574","alchemy1","alchemy1","alchemy4",""
"70577","auction1","auction1","auction3",""
"70594","othertown","othertown","othertownh",""
"70598","moria1","moria1","moria4",""
"70599","encwc","encwc","",""
"70600","orckeeperop","orckeeperop","orckeeperop",""
"70601","encac","encac","",""
"70605","blaise1","blaise1","blaise4",""
"70607","sarsha1","sarsha1","sarsha2",""
"70611","restore1pk","restore1pk","",""
"70614","anton3","anton3","",""
"70617","almon1","almon1","almon2",""
"70623","orville1","orville1","orville2",""
"70631","secretary4","secretary4","secretary1",""
"70632","kevin1","kevin1","kevin2",""
"70633","colbert1","colbert1","colbert2",""
"70641","crafttable","crafttable","",""
"70642","crafttable","crafttable","",""
"70644","bpledge2","bpledge2","bpledge1",""
"70645","alchemy1","alchemy1","alchemy4",""
"70652","laryaide1","laryaide1","",""
"70653","masha","masha","",""
"70654","othertown","othertown","othertownh",""
"70655","encwc","encwc","",""
"70656","gatekeeperop","gatekeeperop","gatekeeperop",""
"70657","encac","encac","",""
"70658","restore1pk","restore1pk","",""
"70660","gdummyc1","gdummyc1","",""
"70661","gdummy1","gdummy1","",""
"70662","crafttable","crafttable","0",""
"70663","secretary1","secretary1","secretary4",""
"70664","cove1","cove1","cove2",""
"70665","potempin1","potempin1","potempin2",""
"70666","freckson1","freckson1","freckson2",""
"70667","bpledge2","bpledge2","bpledge1",""
"70668","alchemy1","alchemy1","alchemy4",""
"70670","citizen8","citizen8","",""
"70671","nose","nose","nose1",""
"70674","reona1","reona1","reona2",""
"70675","citizen1","citizen1","",""
"70676","ryumiel1","ryumiel1","",""
"70683","montes2","montes2","montes4",""
"70686","encwc","encwc","",""
"70687","gatekeeperop","gatekeeperop","gatekeeperop",""
"70688","citizen10","citizen10","",""
"70690","crafttable","crafttable","",""
"70692","encac","encac","",""
"70695","biust1","biust1","biust2",""
"70701","restore","restore","",""
"70702","ring1","ring1","",""
"70707","eno1","eno1","enoc1",""
"70711","giantk1","giantk1","giantk2",""
"70715","jimuk1","jimuk1","jimuk2",""
"70721","timon1","timon1","timon2",""
"70722","paruit01","paruit01","paruitC",""
"70723","pau1","pau1","pau2",""
"70724","heit4","heit4","",""
"70725","bpledge2","bpledge2","bpledge1",""
"70734","alchemy1","alchemy1","alchemy4",""
"70739","dicardinge1","dicardinge1","dicardinge2",""
"70740","zero2","zero2","",""
"70742","detecter1","detecter1","detecter2",""
"70744","roje16","roje16","",""
"70748","othertown","othertown","othertownh",""
"70749","mild1","mild1","mild2",""
"70751","newbrad1","newbrad1","",""
"70757","restore1pk","restore1pk","",""
"70758","sabin","sabin","",""
"70760","ellyonne","ellyonne","ellyonne4",""
"70761","secretary1","secretary1","secretary4",""
"70762","karif1","karif1","",""
"70763","crafttable","crafttable","",""
"70764","taus","taus","",""
"70768","alchemy1","alchemy1","alchemy4",""
"70771","randith1","randith1","randith2",""
"70772","ladar1","ladarC1","",""
"70773","marbin1","marbin1","marbin2",""
"70774","othertown","othertown","othertownh",""
"70775","mark1","mark1","mark2",""
"70776","meg4","meg4","",""
"70777","encwc","encwc","",""
"70778","gatekeeperop","gatekeeperop","gatekeeperop",""
"70779","ants2","ants2","antss",""
"70780","encac","encac","",""
"70781","restore1pk","restore1pk","",""
"70782","ant2","ant2","",""
"70783","aria4","aria4","",""
"70784","othmond1","othmond1","othmond2",""
"70788","secretary1","secretary1","secretary4",""
"70789","halt1","halt1","halt2",""
"70790","bpledge2","bpledge2","bpledge1",""
"70792","alchemy1","alchemy1","alchemy4",""
"70794","","","",""
"70796","dunham2","dunham2","",""
"70797","drist","drist","",""
"70798","newbiegate1","newbiegate1","",""
"70799","othertown","othertown","othertownh",""
"70800","gatekeeperop","gatekeeperop","gatekeeperop",""
"70801","restore1pk","restore1pk","",""
"70802","aanon1","aanon1","",""
"70804","lien1","lienC1","",""
"70805","ladar1","ladarC1","",""
"70806","secretary1","secretary1","secretary4",""
"70807","farlin1","farlinC1","",""
"70808","alchemy1","alchemy1","alchemy4",""
"70809","","","",""
"70811","crafttable","crafttable","",""
"70815","othertown","othertown","othertownh",""
"70816","encwc","encwc","",""
"70817","gatekeeperop","gatekeeperop","gatekeeperop",""
"70820","encac","encac","",""
"70822","seghem1","seghem1","seghem2",""
"70823","restore1pk","restore1pk","",""
"70824","assassin4","assassin4","",""
"70826","oth2","oth2","",""
"70830","secretary1","secretary1","secretary4",""
"70831","kentu1","kentu1","kentu2",""
"70836","hans1","hans1","hans2",""
"70837","narhenE3","narhenE3","narhenE1",""
"70838","nerupaE1","nerupaE1","nerupaCE1",""
"70839","doettE1","doettE1","",""
"70840","robinwood1","robinwood1","robinwood3",""
"70841","luudiel1","luudiel1","",""
"70842","marba3","marba3","",""
"70843","morienE1","morienE1","",""
"70844","","","",""
"70846","arachnee1","arachnee1","arachnem1",""
"70847","estE1","estE1","estCE1",""
"70848","ente1","ente1","entm1",""
"70849","theodorE1","theodorE1","",""
"70850","pane1","pane1","panm1",""
"70851","fairye1","fairye1","fairym1",""
"70852","fairyqe1","fairyqe1","fairyqm1",""
"70853","fairyp3","fairyp3","",""
"70854","hurinE1","hurinE1","",""
"70855","alchemy1","alchemy1","alchemy4",""
"70857","heguard6","heguard6","heguard6",""
"70860","othertown","othertown","othertownh",""
"70861","encwc","encwc","",""
"70862","gatekeeperop","gatekeeperop","gatekeeperop",""
"70863","gatekeeperop","gatekeeperop","gatekeeperop",""
"70865","encac","encac","",""
"70872","eveurol1","eveurol1","eveurol5",""
"70873","ellan1","ellan1","ellan2",""
"70876","secretary1","secretary1","secretary4",""
"70880","fisher1","fisher1","fisher2",""
"70881","","","",""
"70882","vaiger1","vaiger1","vaiger2",""
"70884","bpledge2","bpledge2","bpledge1",""
"70885","kanguard4","kanguard4","",""
"70889","citizen6","citizen6","",""
"70890","rabor","rabor","",""
"70892","ronde6","ronde6","",""
"70894","rondedum","rondedum","",""
"70895","bluedikaq4","bluedikaq4","",""
"70896","bluedum","bluedum","",""
"70898","inn","Inn1","",""
"70903","kandum","kandum","",""
"70904","crafttable","crafttable","",""
"70906","kimaq1","kimaq1","kimaq2",""
"70908","piers05","piers05","",""
"70909","pierot1","pierot1","",""
"70910","hadesty1","hadesty1","hadesty2",""
"70912","woumsix1","woumsix1","",""
"70913","woumfour1","woumfour1","",""
"70916","redin1","redin1","",""
"70917","burns1","burns1","",""
"70919","smiter1","smiter1","",""
"70920","dfguard1","dfguard1","",""
"70922","credonas1","credonas1","",""
"70923","olle1","olle1","",""
"70924","genes1","genes1","",""
"70925","elderoum1","elderoum1","",""
"70927","coderage1","coderage1","",""
"70928","tristan1","tristan1","",""
"70934","lesta","lesta","",""
"70953","alchemy1","alchemy1","alchemy4",""
"70964","basch","basch","",""
"70970","clalchemist1","clalchemist1","clalchemist2",""
"70971","sialchemist1","sialchemist1","sialchemist2",""
"70980","orenc0","orenc0","",""
"70981","hen1","hen1","",""
"70983","pig1","pig1","",""
"70984","milkcow1","milkcow1","none",""
"70985","gatekeeperop","gatekeeperop","gatekeeperop",""
"70986","orckeeperop","orckeeperop","orckeeperop",""
"70987","gatekeeperop","gatekeeperop","gatekeeperop",""
"70988","gatekeeperop","gatekeeperop","gatekeeperop",""
"70989","gatekeeperop","gatekeeperop","gatekeeperop",""
"70990","gatekeeperop","gatekeeperop","gatekeeperop",""
"70991","gatekeeperop","gatekeeperop","gatekeeperop",""
"70992","gatekeeperop","gatekeeperop","gatekeeperop",""
"70993","gatekeeperop","gatekeeperop","gatekeeperop",""
"70994","gatekeeperop","gatekeeperop","gatekeeperop",""
"70995","gatekeeperop","gatekeeperop","gatekeeperop",""
"70996","gatekeeperop","gatekeeperop","gatekeeperop",""
"70998","en0307","en0307","",""
"71005","jpe0041","jpe0041","",""
"71006","jpe0051","jpe0051","",""
"71007","en0031","en0031","",""
"71013","karen2","karen2","",""
"71018","jpe0134","jpe0134","",""
"71019","jpe0115","jpe0115","",""
"71020","jpe0121","jpe0121","",""
"71021","en0197","en0197","",""
"71022","jpe0151","jpe0151","",""
"71023","jpe0141","jpe0141","",""
"71024","garret1","garret1","",""
"71025","jpe0086","jpe0086","",""
"71028","en0121","en0121","",""
"71029","en0291","en0291","",""
"71031","en0085","en0085","",""
"71036","kamyla000","kamyla000","",""
"71038","orcfnoname1","orcfnoname1","",""
"71039","orcfbuwoo1","orcfbuwoo1","",""
"71040","orcfnoa2","orcfnoa2","",""
"71041","orcfhuwoomo1","orcfhuwoomo1","",""
"71042","orcfbakumo1","orcfbakumo1","",""
"71043","orcfbuka1","orcfbuka1","",""
"71044","orcfkame1","orcfkame1","",""
"71045","orcfbawoo1","orcfbawoo1","",""
"71046","roberto","roberto","",""
"71047","lupus","lupus","",""
"71048","karu","karu","",""
"71051","monett","monett","",""
"71052","enishia","enishia","",""
"71053","berik1","berik1","",""
"71054","roxxan","roxxan","",""
"71055","lukein1","lukein1","",""
"71056","simizz1","simizz1","",""
"71057","doil1","doilc","",""
"71058","ratsyu1","ratsyu1","",""
"71059","rudian1a","rudian1a","",""
"71060","resta1","resta1","",""
"71061","cadmus1","cadmus1","",""
"71062","kamit1","kamit1","",""
"71063","maptbox0","maptbox0","",""
"71064","maptbox0","maptbox0","",""
"71065","maptbox0","maptbox0","",""
"71066","maptbox0","maptbox0","",""
"71067","maptbox0","maptbox0","",""
"71068","maptbox0","maptbox0","",""
"71069","maptbox0","maptbox0","",""
"71070","maptbox0","maptbox0","",""
"71071","maptbox0","maptbox0","",""
"71072","maptbox0","maptbox0","",""
"71073","maptbox0","maptbox0","",""
"71074","lelder0","lelder0","",""
"71075","llizard1a","llizard1a","",""
"71076","ylizardb","ylizardb","",""
"71077","invest1","invest1","",""
"71078","usender1","usender1","",""
"71079","ubuy","ubuy1","",""
"71080","amisoo1","amisoo1","",""
"71081","blackkey1","blackkey1","",""
"71082","blackkey2","blackkey2","",""
"71083","blackkey3","blackkey3","",""
"71084","blackkey4","blackkey4","",""
"71085","redkey1","redkey1","",""
"71086","redkey2","redkey2","",""
"71087","redkey3","redkey3","",""
"71088","redkey4","redkey4","",""
"71089","francu1","francu001","",""
"71090","jcrystal0","jcrystal0","",""
"71091","jcrystall0","jcrystall0","",""
"71108","chaotictp1","chaotictp1","",""
"71109","lawfultp1","lawfultp1","",""
"71110","caexplorer1","caexplorer1","",""
"71111","cahunterone1","cahunterone1","",""
"71112","cahuntertwo1","cahuntertwo1","",""
"71113","clalchemist1","clalchemist1","",""
"71114","sialchemist1","sialchemist1","",""
"71115","inforaden1","inforaden1","",""
"71116","agelder1","agelder1","",""
"71117","aggeneral1","aggeneral1","",""
"71118","talkingoum1","talkingoum1","",""
"71119","ataroze","ataroze","",""
"71120","rian1","rian1","",""
"71121","leonard1","leonard1","",""
"71122","fesco1","fesco1","",""
"71123","rubo1","rubo1","",""
"71124","alri1","alri1","",""
"71125","adelio","adelio","",""
"71126","eris1","eris1","",""
"71127","scwaru1","scwaru1","",""
"71128","perita1","perita1","",""
"71129","rumtis1","rumtis1","",""
"71130","rabla","rabla","",""
"71131","rabor","rabor","",""
"71132","woumfive1","woumfive1","",""
"71133","woumone1","woumone1","",""
"71134","woumtwo1","woumtwo1","",""
"71135","woumthir1","woumthir1","",""
"71136","woumele1","woumele1","",""
"71137","woumseven1","woumseven1","",""
"71138","woumnine1","woumnine1","",""
"71139","woumeight1","woumeight1","",""
"71140","woumten1","woumten1","",""
"71141","moumthree2","moumthree2","",""
"71142","moumtwo2","moumtwo2","",""
"71143","woumthree1","woumthree1","",""
"71144","woumtwel1","woumtwel1","",""
"71145","moumone2","moumone2","",""
"71146","midoum1","midoum1","",""
"71147","cutoum","cutoum","",""
"71148","eoumone1","eoumone1","",""
"71149","soumthree1","soumthree1","",""
"71150","soumone1","soumone1","",""
"71151","soumtwo1","soumtwo1","",""
"71152","stoumone1","stoumone1","",""
"71153","stoumthree1","stoumthree1","",""
"71154","stoumtwo1","stoumtwo1","",""
"71155","eoumtwo1","eoumtwo1","",""
"71156","prisondef1","prisondef1","",""
"71157","prisondef4","prisondef4","",""
"71158","prisondef5","prisondef5","",""
"71159","prisondef9","prisondef9","",""
"71160","prisondef6","prisondef6","",""
"71161","prisondef7","prisondef7","",""
"71162","prisondef8","prisondef8","",""
"71163","yastin1","yastin1","",""
"71164","lance1","lance1","",""
"71165","xestin1","xestin1","",""
"71166","guardin1","guardin1","",""
"71167","frim2","frim2","",""
"71168","dantes","dantes","",""
"71169","marbes1","marbes1","",""
"71170","clorence","clorence","",""
"71171","debow1","debow1","",""
"71172","dethief1","dethief1","",""
"71173","degeneral1","degeneral1","",""
"71174","desword1","desword1","",""
"71175","Ep5event16","Ep5event16","",""
"71176","adummy1","adummy1","",""
"71177","adummy1","adummy1","",""
"71178","ru1","ru1","",""
"71179","dh1","dh1","",""
"71180","jp1","jp1","",""
"71181","my2","my2","",""
"71182","sm2","sm2","",""
"71184","gdummy1","gdummy1","",""
"71187","diadummy1","diadummy1","",""
"71188","diadummy1","diadummy1","",""
"71189","diaguard1","diaguard1","",""
"71190","jericho1","jericho1","",""
"71191","becky1","becky1","",""
"71192","carmel1","carmel1","",""
"71193","chase1","chase1","",""
"71194","aurora1","aurora1","",""
"71195","winston1","winston1","",""
"71196","alfred","alfred1","",""
"71197","endel1","endel1","",""
"71198","tion1","tion1","",""
"71199","jeron1","jeron1","",""
"71200","pieta1","pieta1","",""
"80010","aprincess1","aprincess1","aprincess2",""
"80019","cold1","cold1","",""
"80020","cold1","cold1","",""
"80021","cold1","cold1","",""
"80022","cold1","cold1","",""
"80023","cold1","cold1","",""
"80024","cold1","cold1","",""
"80025","cold1","cold1","",""
"80026","cold1","cold1","",""
"80027","cold1","cold1","",""
"80028","cold1","cold1","",""
"80029","cold1","cold1","",""
"80030","cold1","cold1","",""
"80031","cold1","cold1","",""
"80032","cold1","cold1","",""
"80033","cold1","cold1","",""
"80034","cold1","cold1","",""
"80035","cold1","cold1","",""
"80036","cold1","cold1","",""
"80037","cold1","cold1","",""
"80038","cold1","cold1","",""
"80039","cold1","cold1","",""
"80040","cold1","cold1","",""
"80041","cold1","cold1","",""
"80042","cold1","cold1","",""
"80043","cold1","cold1","",""
"80044","cold1","cold1","",""
"80045","cold1","cold1","",""
"80047","uhelp1","uhelp1","",""
"80048","entgate","entgate","",""
"80049","betray12","betray12","",""
"80050","meet101","meet101","",""
"80051","qyahee","qyahee","",""
"80052","u_hunt","u_hunt","",""
"80053","alice_no","alice_no","",""
"80054","lapyahee","lapyahee","",""
"80055","uamulet0","uamulet0","",""
"80056","infamous12","infamous12","",""
"80057","alfons1","alfons1","",""
"80058","cpass01","cpass01","cpass01",""
"80059","wpass05","wpass05","wpass05",""
"80060","wpass05","wpass05","wpass05",""
"80061","wpass05","wpass05","wpass05",""
"80062","wpass05","wpass05","wpass05",""
"80063","gpass01","gpass01","gpass01",""
"80064","meet001","meet001","",""
"80065","uturn0","uturn0","",""
"80066","betray01","betray01","",""
"80067","minicod08","minicod08","",""
"80068","fakebarlog1","fakebarlog1","",""
"80069","ldemon1","ldemon1","",""
"80070","tldemon1","tldemon1","",""
"80071","lring0","lring0","",""
"80072","lsmith0","lsmith0","",""
"80073","l_hunt","l_hunt","",""
"80074","infamous02","infamous02","",""
"80075","vehikeu1","vehikeu1","",""
"80076","voyager1","voyager1","",""
"80077","aldran1","aldran1","",""
"80078","arka1","arka1","",""
"80079","keplisha1","keplisha4","keplisha2",""
"80080","f_elder","f_elder","",""
"80081","f_grandma1","f_grandma1","",""
"80082","fk_in_1","fk_in_1","",""
"80083","fk_out_1","fk_out_1","",""
"80084","rparum","rparum","",""
"80085","duo","duo","",""
"80086","kusan","kusan","",""
"80087","datu","datu","",""
"80088","petmatcher","petmatcher","",""
"80089","medalbuyer","medalbuyer","",""
"80090","rakuki1","rakuki1","",""
"80091","rrafons","rrafons","",""
"80092","rjaint1","rjaint1","",""
"80093","rjyta1","rjyta1","",""
"80094","altar1","altar1","",""
"80095","rostin1","rostin1","",""
"80096","sharon1","sharon1","",""
"80097","rryman","rryman","",""
"80098","rfarbo1","rfarbo1","",""
"80099","rarson1","rarson8","rarson11",""
"80100","maijin1","maijin1","",""
"80101","kuen1","kuen1","",""
"80102","fillis1","fillis3","",""
"80103","auction1","auction1","",""
"80104","horseseller1","horseseller0","",""
"80105","horserestore","horserestore","",""
"80127","cook1","cook1","",""
"80128","cointrader","cointrader","",""
"81002","cold1","cold1","",""
"81003","cold1","cold1","",""
"81004","cold1","cold1","",""
"81005","cold1","cold1","",""
"81006","pandora","pandora","",""
"81007","cold1","cold1","",""
"81008","pandora","pandora","",""
"81009","cold1","cold1","",""
"81010","cold1","cold1","",""
"81011","cold1","cold1","",""
"81012","cold1","cold1","",""
"81013","cold1","cold1","",""
"81014","cold1","cold1","",""
"81015","cold1","cold1","",""
"81016","cold1","cold1","",""
"81017","cold1","cold1","",""
"81018","cold1","cold1","",""
"81019","cold1","cold1","",""
"81020","cold1","cold1","",""
"81021","cold1","cold1","",""
"81022","cold1","cold1","",""
"81023","cold1","cold1","",""
"81024","cold1","cold1","",""
"81025","cold1","cold1","",""
"81026","cold1","cold1","",""
"81027","cold1","cold1","",""
"81028","cold1","cold1","",""
"81029","cold1","cold1","",""
"81105","stoenm4","stoenm4","",""
"81110","cold1","cold1","",""
"81112","rader1","rader1","",""
"81113","hagutin1","hagutin1","",""
"81114","fsflame1","fsflame1","",""
"81115","adjutant1","adjutant1","",""
"81118","bsoul1","bsoul1","",""
"81119","laryaide1","laryaide1","",""
"81120","kalbass1","kalbass1","",""
"81121","pielemental","pielemental","",""
"81123","en2551-0","en2551-0","",""
"81124","en2556","en2556","",""
"81155","olle1","olle1","olle1",""
"81156","dfguard1","dfguard1","dfguard1",""
"81200","nobelt","nobelt","",""
"81202","minitos08","minitos08","",""
"81203","minitos3","minitos3","",""
"81204","minitos3","minitos3","",""
"81205","minitos2","minitos2","",""
"81206","minitos2","minitos2","",""
"81207","minitos1","minitos1","",""
"81208","minibrob01","minibrob01","",""
"81210","pctel1","pctel1","pctel1",""
"170017","bs_01","bs_01","",""
"200000","cold1","cold1","",""
"200001","pandora","pandora","",""
"200002","pandora","pandora","",""
"200003","pandora","pandora","",""
"200004","pandora","pandora","",""
"200005","pandora","pandora","",""
"200006","pandora","pandora","",""
"200007","camus","camus","",""
"200014","baseReset","baseReset","",""
"200015","candleg1","candleg1","",""
"200016","joegolem17","joegolem17","",""
"200060","suspicious1","suspicious1","",""
"200061","suspicious1a","suspicious1a","",""
"200062","suspicious1b","suspicious1b","",""
"200063","suspicious1c","suspicious1c","",""
"200075","sharna1","sharna1","",""
"200201","joegolem","joegolem","",""
"202056","arrada","arrada","",""
"202057","tel_lala1","tel_lala1","",""
"202065","archgunter1","archgunter1","",""
"202066","clgunter4","clgunter4","",""
"300000","dufo","dufo","",""
"500062","joegolem21","joegolem21","",""
"500063","tikalgate1","tikalgate1","",""
"500064","itexplorer","itexplorer","",""
"505011","fg_ziff","fg_ziff","fg_ziff",""
"600005","zybril1","zybril1","",""
"777017","kingdevsum16","kingdevsum16","",""
"777848","merin1","merin1 ","",""
"777849","killton1","killton1","",""
"777850","harin1","harin1","",""
"777854","zigpride1","zigpride1","",""
"810020","cold1","cold1","",""
"810080","cold1","cold1","",""
"810852","","","",""
"900000","crafttable","crafttable","",""
"900001","crafttable","crafttable","",""
"900002","crafttable","crafttable","",""
"900003","crafttable","crafttable","",""
"900004","crafttable","crafttable","",""
"900005","lind_veil","lind_veil","",""
"900009","ilbakiel","ilbakiel","",""
"900010","familyed","familyed","",""
"900015","dsecret3","dsecret3","",""
"900016","dwfmerchant","dwfmerchant","",""
"900017","bankoo1","bankoo1","",""
"900018","hankoo1","hankoo2","",""
"900041","kymsamoo","kymsamoo","",""
"900042","beasamoo","beasamoo","",""
"900047","suspicious1","suspicious1","",""
"900048","suschef1","suschef1","",""
"900056","orentel1","orentel1","orentel2",""
"900057","adonis1","adonis1","adonis2","adonis2"
"900084","lascube1","lascube1","",""
"900085","lascube2","lascube2","",""
"900086","lascube3","lascube3","",""
"900087","lascube4","lascube4","",""
"900088","bs_01","bs_01","",""
"900089","omantel1","omantel1","omantel1",""
"900090","omantel","omantel","",""
"900091","omantel","omantel","",""
"900092","omantel","omantel","",""
"900093","omantel","omantel","",""
"900094","omantel","omantel","",""
"900095","omantel","omantel","",""
"900096","omantel","omantel","",""
"900097","omantel","omantel","",""
"900098","omantel","omantel","",""
"900104","newsboy","newsboy","",""
"900105","maetnob","maetnob","maetnob1",""
"900106","rabbita1","rabbita1","",""
"900107","rabbitb1","rabbitb1","",""
"900135","j_html00","j_html00","",""
"900136","id0","id0","",""
"900137","j_ep001","j_ep001","",""
"900143","j_l_out00","j_l_out00","",""
"900146","hugrint1","hugrint1","",""
"900169","j_paper","j_paper","",""
"900170","dunsign1","dunsign1","",""
"900171","pandora","pandora","",""
"900172","ashur","ashur","ashur3",""
"900173","pandora","pandora","",""
"900174","ashur","ashur","ashur3",""
"900175","tutorm","tutorm4","",""
"900181","guaderstone","guaderstone","",""
"900185","highpass41","highpass41","",""
"900186","hpass1","hpass1 ","",""
"900187","highdaily1","highdaily1 ","",""
"900188","highdailyb1","highdailyb1 ","",""
"1000001","cave1","cave1","",""
"1000002","dvdgate1","dvdgate1","",""
"1000003","teldkev02","teldkev02","",""
"1000004","hyosue4","hyosue4","",""
"1231231","","","",""
"3000000","jepar1","jepar2","",""
"3000001","crafttable","crafttable","",""
"3000002","elas1","elas1","",""
"3000003","prokel1","prokel1","",""
"3000004","talrion1","talrion1","",""
"3000006","crafttable","crafttable","",""
"3100000","sbial1","sbial2","",""
"3100001","crafttable","crafttable","",""
"3100002","azel1","azel1","",""
"3100003","rark1","rark1","",""
"3100004","silrein1","silrein1","",""
"3200000","feaena2","feaena2","",""
"3200001","asha2","asha2","",""
"3200012","sciairen1","sciairen2","",""
"3200013","feathercol1","feathercol1","",""
"3200014","subsusp1","subsusp1","",""
"3200015","aghvin","aghvin","",""
"3200016","agsiin","agsiin","",""
"3310015","vdeath2","vdeath2","",""
"3310016","pandora","pandora","",""
"3310018","vdeath","vdeath","",""
"4039009","shamansael1","shamansael1","",""
"4200018","expgive","expgive","",""
"5000000","suspicious1","suspicious1","",""
"5000001","ashur","ashur","ashur3",""
"5000002","ashur","ashur","ashur3",""
"5000003","ashur","ashur","ashur3",""
"5000004","ashur","ashur","ashur3",""
"5000005","ashur","ashur","ashur3",""
"5000006","ashur","ashur","",""
"5000007","ashur","ashur","",""
"5100017","kingdevsum16","kingdevsum16","",""
"5100018","","","",""
"6000000","2008illu","2008illu2","",""
"6000001","2008hallo1","2008hallo1","",""
"6000002","pcsuprise","pcsuprise","",""
"6000007","tauga","tauga","",""
"6000008","targa","targa","",""
"6000009","tadga","tadga","",""
"6000010","tahuga","tahuga","",""
"6000011","tatga","tatga","",""
"6000012","tasga","tasga","",""
"6000013","tamiga","tamiga","",""
"6000014","gr_mammon1","gr_mammon1","gr_mammon3",""
"6000015","adenshadow1","adenshadow1","",""
"6000016","adenflora1","adenflora1","adenflora2",""
"6100000","cold1","cold1","",""
"6100001","cold1","cold1","",""
"6100002","cold1","cold1","",""
"6100003","cold1","cold1","",""
"6100004","cold1","cold1","",""
"6100005","cold1","cold1","",""
"6100006","cold1","cold1","",""
"6100007","cold1","cold1","",""
"6100008","cold1","cold1","",""
"6100009","cold1","cold1","",""
"6100010","cold1","cold1","",""
"6100011","cold1","cold1","",""
"6100012","cold1","cold1","",""
"6100013","cold1","cold1","",""
"6100014","cold1","cold1","",""
"6100015","cold1","cold1","",""
"6100016","cold1","cold1","",""
"6100017","cold1","cold1","",""
"6100018","cold1","cold1","",""
"6100019","cold1","cold1","",""
"6100020","cold1","cold1","",""
"6100021","cold1","cold1","",""
"6100022","cold1","cold1","",""
"6100023","cold1","cold1","",""
"6100024","cold1","cold1","",""
"6100025","cold1","cold1","",""
"6100026","cold1","cold1","",""
"6100027","cold1","cold1","",""
"6100028","cold1","cold1","",""
"6100029","cold1","cold1","",""
"6100030","cold1","cold1","",""
"6100031","cold1","cold1","",""
"6100032","cold1","cold1","",""
"6100033","cold1","cold1","",""
"6100034","cold1","cold1","",""
"6100035","cold1","cold1","",""
"6100036","cold1","cold1","",""
"6100037","cold1","cold1","",""
"6100038","cold1","cold1","",""
"6100039","cold1","cold1","",""
"6100040","cold1","cold1","",""
"6100041","cold1","cold1","",""
"7000020","merlin1","merlin1","merlin2","merlin2"
"7000021","coma1","coma1","",""
"7000053","poi1","poi1","",""
"7000054","seirune2","seirune2","",""
"7000055","riddle1","riddle1","",""
"7000076","gludintel1","gludintel1","",""
"7000077","f_point","f_point","",""
"7000078","gawain01","gawain01","",""
"7000079","bosskey1","bosskey1","",""
"7000080","bosskey8","bosskey8","",""
"7000081","bosskey11","bosskey11","",""
"7000082","cgirana","cgirana","",""
"7000083","corcd","corcd","",""
"7000084","cgirana","cgirana","",""
"7000085","corcd","corcd","",""
"7000086","cgirana","cgirana","",""
"7000087","corcd","corcd","",""
"7000095","gumin","gumin","",""
"7000097","mobile_doll2","mobile_doll2","",""
"7200000","","","",""
"7200001","ctid","ctid","",""
"7200002","t_point","t_point","",""
"7200022","birthday1","birthday1","",""
"7200026","grayknight1","grayknight1","",""
"7210000","newbieddw1","newbieddw1","",""
"7210007","hamo2","hamo2","",""
"7210008","eldnas2","eldnas2","",""
"7210009","fd_death","fd_death","",""
"7210041","soul14_in_6","soul14_in_6","soul14_in_6",""
"7210042","crafttable","crafttable","",""
"7210043","crafttable","crafttable","",""
"7210044","crafttable","crafttable","",""
"7210045","crafttable","crafttable","",""
"7210046","crafttable","crafttable","",""
"7210047","GiantTomb_2","GiantTomb_2","",""
"7210048","GiantTomb_2","GiantTomb_2","",""
"7210049","mubni1","mubni1","",""
"7210052","crafttable","crafttable","",""
"7210053","crafttable","crafttable","",""
"7210054","crafttable","crafttable","",""
"7210055","cold1","cold1","",""
"7210056","cold1","cold1","",""
"7210057","cold1","cold1","",""
"7210058","cold1","cold1","",""
"7210059","cold1","cold1","",""
"7210061","cold1","cold1","",""
"7210062","cold1","cold1","",""
"7210063","cold1","cold1","",""
"7210064","cold1","cold1","",""
"7210065","cold1","cold1","",""
"7210066","cold1","cold1","",""
"7210067","cold1","cold1","",""
"7210068","cold1","cold1","",""
"7210069","cold1","cold1","",""
"7210070","cold1","cold1","",""
"7210071","crafttable","crafttable","",""
"7210072","crafttable","crafttable","",""
"7310085","talkinggate1","talkinggate1","",""
"7310086","fg_lucky","fg_lucky","",""
"7310087","crafttable","crafttable","",""
"7310088","orentel1","orentel1","orentel2",""
"7310089","adonis1","adonis1","adonis2","adonis2"
"7310093","pc_tell1","pc_tell1","",""
"7310099","fg_hidden","fg_hidden","",""
"7310100","bs_01","bs_01","",""
"7310101","soodor","soodor","",""
"7312087","crafttable","crafttable","",""
"81026666","halpas1","halpas1","",""
"460000127","crafttable","crafttable","",""
"460000128","crafttable","crafttable","",""
