"uid","name"
"1","小林 那奈"
"2","長澤 健"
"3","三沢 愛"
"4","津川 扶樹"
"5","島本 進"
"6","六角 春樹"
"7","岡野 寿々花"
"8","中川 景子"
"9","尾崎 敏也"
"10","小高 たかお"
"11","高谷 勝久"
"12","後藤 沙知絵"
"13","福永 正敏"
"14","邑野 芳正"
"15","妹尾 晴臣"
"16","菅谷 菜摘"
"17","堀越 早紀"
"18","小出 夏希"
"19","上山 京子"
"20","荒川 郁恵"
"21","広川 薫"
"22","大原 沙耶"
"23","児島 禄郎"
"24","勝田 薫"
"25","須藤 誠治"
"26","杉本 将也"
"27","伴 夏空"
"28","大高 洋"
"29","手塚 サンタマリア"
"30","神田 良介"
"31","田尻 俊二"
"32","柄本 光臣"
"33","相馬 美優"
"34","橋口 ひろみ"
"35","岩崎 友以乃"
"36","鶴岡 知史"
"37","三谷 隆之介"
"38","浜田 景子"
"39","小泉 朝陽"
"40","大和田 育子"
"41","相原 広司"
"42","森脇 倫子"
"43","前田 芽以"
"44","滝川 一恵"
"45","和泉 美咲"
"46","秦 隆博"
"47","相原 碧海"
"48","三木 獅童"
"49","亀山 竜也"
"50","塚本 照生"
"51","宮崎 仁"
"52","竹中 美紀"
"53","吉岡 敏和"
"54","岡田 光良"
"55","松村 仁晶"
"56","岩谷 勇介"
"57","服部 慶太"
"58","西尾 璃子"
"59","勝地 美菜"
"60","内山 きみまろ"
"61","岸 大"
"62","大西 有海"
"63","鎌田 憲一"
"64","栗林 友香"
"65","外山 くるみ"
"66","野中 亜希"
"67","小松 恵梨香"
"68","篠原 妃里"
"69","松岡 七世"
"70","堀川 功補"
"71","福井 小百合"
"72","菅野 広司"
"73","板橋 美佐子"
"74","高畑 孝太郎"
"75","日野 優"
"76","安倍 一輝"
"77","堀北 聡"
"78","七瀬 友也"
"79","本田 路子"
"80","野上 まさし"
"81","山内 優"
"82","高見 賢治"
"83","柳 広司"
"84","斎藤 あおい"
"85","後藤 剛基"
"86","大竹 美月"
"87","高島 勝久"
"88","若松 寿々花"
"89","原 雅彦"
"90","高松 彩"
"91","根岸 竜也"
"92","梅田 丈史"
"93","真田 瞬"
"94","吉川 慶太"
"95","大坪 璃子"
"96","染谷 光臣"
"97","永島 まさみ"
"98","酒井 長利"
"99","工藤 広之"
"100","土井 隆"
"101","戸田 亜希"
"102","栗山 季衣"
"103","奥村 晃司"
"104","江藤 昴"
"105","上杉 めぐみ"
"106","明石家 美優"
"107","本間 光洋"
"108","土谷 彩華"
"109","佐川 しほり"
"110","奥田 さやか"
"111","武内 千佳子"
"112","島田 愛"
"113","浦田 翔"
"114","竹内 あさみ"
"115","宮沢 宏行"
"116","柳川 賢治"
"117","湯浅 美佳"
"118","小沼 桃子"
"119","浜 砂羽"
"120","太田 聖陽"
"121","須賀 俊介"
"122","矢口 崇史"
"123","寺西 浩介"
"124","石橋 たまき"
"125","藤原 利夫"
"126","松木 弘也"
"127","田島 勇介"
"128","谷口 育子"
"129","遠藤 淳子"
"130","日高 努"
"131","大下 完爾"
"132","小林 剛基"
"133","大倉 まさし"
"134","吉川 美月"
"135","杉下 雅彦"
"136","パンツェッタ 由樹"
"137","黒川 まさし"
"138","織田 丈雄"
"139","井川 慢太郎"
"140","高木 信輔"
"141","小森 満"
"142","小畑 新太"
"143","平松 淳"
"144","井田 はるみ"
"145","緒形 しほり"
"146","松崎 三郎"
"147","田端 優"
"148","目黒 憲一"
"149","梅沢 勤"
"150","竹本 麗奈"
"151","谷 真悠子"
"152","岸部 璃子"
"153","小日向 窈"
"154","奥田 真帆"
"155","長田 了"
"156","上野 雅之"
"157","澤田 勤"
"158","堀川 さとみ"
"159","深田 ヒロ"
"160","笠井 雅彦"
"161","布川 慶太"
"162","照井 育二"
"163","星 憲史"
"164","北山 明日"
"165","藤 圭"
"166","榊原 美咲"
"167","富沢 遥"
"168","田原 文世"
"169","中園 隆"
"170","寺島 結子"
"171","岡本 勇"
"172","井本 麻緒"
"173","馬場 充則"
"174","柄本 完爾"
"175","堀川 祐基"
"176","寺田 勇"
"177","江原 かおり"
"178","浦田 コウ"
"179","桜井 基祐"
"180","山下 由宇"
"181","佐野 三郎"
"182","藤澤 理紗"
"183","石橋 恵梨香"
"184","吉田 ひろみ"
"185","柳 朝陽"
"186","志村 育二"
"187","楠本 康文"
"188","野本 優"
"189","茂木 翔太"
"190","小関 まさし"
"191","三原 高史"
"192","田中 恵梨香"
"193","春日 明慶"
"194","園田 浩介"
"195","松尾 フミヤ"
"196","坂口 杏"
"197","川田 広司"
"198","新村 浩介"
"199","土居 エリカ"
"200","大山 寿々花"
"201","戸塚 徹"
"202","武藤 博之"
"203","福島 くるみ"
"204","星 優"
"205","河田 博明"
"206","篠崎 愛"
"207","宇都宮 あおい"
"208","森島 はじめ"
"209","小寺 宏行"
"210","中園 浩介"
"211","影山 直人"
"212","竹下 慢太郎"
"213","塩田 さとみ"
"214","神崎 幸平"
"215","広末 ヒロ"
"216","藤島 里奈"
"217","栗山 佑"
"218","本上 浩正"
"219","瀬戸 優一"
"220","小沼 公顕"
"221","市川 愛子"
"222","新村 まなみ"
"223","諏訪 咲"
"224","鳥居 淳"
"225","高畑 まさし"
"226","安永 雅功"
"227","鹿手袋 一代"
"228","岸本 コウ"
"229","古田 充則"
"230","大下 なつみ"
"231","塩田 勇一"
"232","桜田 六郎"
"233","小杉 隼士"
"234","氏家 さやか"
"235","竹田 輝信"
"236","亀田 倫子"
"237","金山 一哉"
"238","海音寺 雅彦"
"239","中井 憲史"
"240","河野 杏"
"241","小坂 将也"
"242","三浦 俊介"
"243","塚本 優"
"244","井上 美幸"
"245","山川 恵梨香"
"246","黒木 きみまろ"
"247","西岡 信吾"
"248","川口 慶太"
"249","植田 恵望子"
"250","角谷 徹"
"251","吉原 真帆"
"252","海老原 夏空"
"253","木戸 崇史"
"254","黒谷 大五郎"
"255","島村 みあ"
"256","寺田 莉緒"
"257","大橋 涼"
"258","沖 直人"
"259","大和田 遥"
"260","内村 三郎"
"261","片桐 達士"
"262","大貫 郁恵"
"263","峰 亮介"
"264","下川 裕次郎"
"265","石井 麻由子"
"266","山田 知史"
"267","福田 真奈美"
"268","山中 貴嶺"
"269","中尾 サンタマリア"
"270","沢尻 ケンイチ"
"271","菊池 雅彦"
"272","森島 フミヤ"
"273","神崎 一代"
"274","板倉 一輝"
"275","風間 小百合"
"276","西原 はるみ"
"277","田淵 研二"
"278","辻 南朋"
"279","宮原 洋"
"280","首藤 幸子"
"281","藤井 ジョージ"
"282","米田 メイサ"
"283","臼井 雅彦"
"284","及川 幸子"
"285","大矢 宏"
"286","土居 慢太郎"
"287","上原 剛基"
"288","藤野 翔"
"289","三宅 ヒロ"
"290","木原 扶樹"
"291","小市 康文"
"292","小田島 祐一"
"293","小町 京子"
"294","吉本 一徳"
"295","鹿島 長利"
"296","長田 ケンイチ"
"297","小高 法子"
"298","明石家 だん吉"
"299","栗原 守"
"300","田村 克実"
"301","赤坂 だん吉"
"302","生田 隼士"
"303","原田 愛菜"
"304","高松 雅彦"
"305","中田 和之"
"306","倉本 たまき"
"307","栗田 大五郎"
"308","富山 莉緒"
"309","今井 はるみ"
"310","会田 彩"
"311","米沢 竜次"
"312","市川 夏空"
"313","柴田 めぐみ"
"314","富永 愛子"
"315","竹内 剛基"
"316","森永 麻緒"
"317","森永 瞬"
"318","大島 華子"
"319","武内 誠一"
"320","小寺 育二"
"321","広田 早紀"
"322","小松 しぼり"
"323","大後 サンタマリア"
"324","妻夫木 一哉"
"325","宮里 薫"
"326","堀口 光博"
"327","芦田 賢治"
"328","北原 蒼甫"
"329","角田 了"
"330","土居 さとみ"
"331","江崎 めぐみ"
"332","会田 結衣"
"333","宍戸 将也"
"334","川田 雅之"
"335","岡本 亮介"
"336","窪塚 茜"
"337","川野 季衣"
"338","明石 菜摘"
"339","川井 一樹"
"340","相原 耕司"
"341","神野 寛治"
"342","下山 咲"
"343","末永 ヒカル"
"344","東 さやか"
"345","平尾 優一"
"346","妹尾 恵子"
"347","日野 メイサ"
"348","小田 圭"
"349","伊藤 れいな"
"350","益岡 璃子"
"351","小沢 さやか"
"352","三井 美幸"
"353","佐藤 えみ"
"354","森 朝香"
"355","大谷 里穂"
"356","前田 法嗣"
"357","山形 ジョージ"
"358","津田 恵子"
"359","大木 ヒカル"
"360","西野 由美子"
"361","坂井 英嗣"
"362","岩下 鉄二"
"363","有賀 健"
"364","浜野 倫子"
"365","宍戸 彩"
"366","葛西 なつみ"
"367","宮原 将也"
"368","三木 茜"
"369","高岡 サンタマリア"
"370","向井 大"
"371","入江 夏希"
"372","荻原 ちえみ"
"373","手塚 米蔵"
"374","中原 由宇"
"375","榊原 博之"
"376","小森 綾女"
"377","岡崎 マサカズ"
"378","田島 さやか"
"379","仲村 淳子"
"380","金田 秀隆"
"381","浜野 明慶"
"382","山川 美帆"
"383","徳田 康文"
"384","長井 樹里"
"385","植村 真悠子"
"386","高梨 蒼甫"
"387","松沢 瞬"
"388","梅田 愛菜"
"389","七瀬 了"
"390","堤 和香"
"391","赤坂 貴嶺"
"392","大田 夏希"
"393","守屋 淳子"
"394","塚田 莉央"
"395","有田 はるか"
"396","橘 愛子"
"397","松本 小百合"
"398","富永 景子"
"399","久保田 奈々"
"400","岩村 光"
"401","山根 洋"
"402","野本 了"
"403","大島 ひとみ"
"404","浜野 照生"
"405","細川 竜也"
"406","岩下 広司"
"407","下田 千夏"
"408","伊藤 孝太郎"
"409","宮下 路子"
"410","浜崎 進"
"411","白石 幸平"
"412","高岡 恭子"
"413","西原 あき"
"414","榊原 花緑"
"415","富山 和久"
"416","広末 洋介"
"417","鹿手袋 奈々"
"418","波多野 勇"
"419","井川 了"
"420","宮脇 由樹"
"421","石井 博之"
"422","前田 エリカ"
"423","市川 蒼甫"
"424","矢沢 良介"
"425","坂野 明"
"426","若松 竜也"
"427","高見 メイサ"
"428","斉藤 美嘉"
"429","黄川田 花緑"
"430","竹村 ジローラモ"
"431","岩村 しほり"
"432","岩谷 陽子"
"433","松村 竜也"
"434","熊井 憲史"
"435","有田 薫"
"436","堀北 はじめ"
"437","田沢 雅彦"
"438","熊沢 里奈"
"439","玉木 豊"
"440","菅野 広司"
"441","高木 さとみ"
"442","浜本 徹"
"443","瀬戸 はじめ"
"444","佐伯 充則"
"445","雨宮 希"
"446","有田 華子"
"447","さだ 里奈"
"448","岩井 きみまろ"
"449","関根 莉緒"
"450","松永 光"
"451","森山 丈史"
"452","はしの 夏空"
"453","辻 陽子"
"454","赤木 郁恵"
"455","狩野 遥"
"456","植田 瑠璃亜"
"457","小野 一恵"
"458","城戸 かおり"
"459","横田 法子"
"460","田口 美希"
"461","中村 倫子"
"462","宮坂 郁恵"
"463","塩田 竜次"
"464","彼方 京子"
"465","並木 亜希"
"466","植田 慎之介"
"467","奥田 雄太"
"468","小野田 光臣"
"469","寺岡 えみ"
"470","鶴田 ひかり"
"471","堀田 隼士"
"472","片岡 悟志"
"473","村中 くるみ"
"474","杉本 大樹"
"475","高田 美佐子"
"476","並木 綾女"
"477","中 広之"
"478","島村 七世"
"479","河原 宏"
"480","片瀬 茂樹"
"481","永山 公顕"
"482","大崎 美佐"
"483","田淵 精児"
"484","土田 りえ"
"485","板倉 弘也"
"486","瀬尾 瞬"
"487","池田 一恵"
"488","深谷 里穂"
"489","古屋 美希"
"490","浅井 佑"
"491","千田 精児"
"492","宮坂 功補"
"493","柳田 朝陽"
"494","森山 まひる"
"495","小宮 あき"
"496","大後 ジョージ"
"497","三田 恵望子"
"498","川越 文世"
"499","星野 恵子"
"500","斉藤 莉沙"
"501","西野 彩"
"502","安部 雅彦"
"503","植松 直人"
"504","奥貫 莉緒"
"505","福岡 祐基"
"506","藤井 光洋"
"507","大滝 広司"
"508","古田 涼"
"509","平野 菊生"
"510","八田 恵麻"
"511","黒木 えみ"
"512","美輪 詩織"
"513","山上 景子"
"514","大和田 鉄洋"
"515","前川 光臣"
"516","赤坂 憲史"
"517","岩永 努"
"518","ほしの 徹"
"519","金沢 鉄二"
"520","日下 さとみ"
"521","岸 幸子"
"522","原 一輝"
"523","おかやま あい"
"524","井手 徹"
"525","栗林 まなみ"
"526","岩崎 だん吉"
"527","立花 あさみ"
"528","小泉 守"
"529","佐野 美月"
"530","工藤 明日"
"531","大熊 雅功"
"532","岸田 京子"
"533","大坂 倫子"
"534","前川 正敏"
"535","大原 弘也"
"536","柳 努"
"537","山野 夏希"
"538","坂井 美咲"
"539","小池 エリカ"
"540","赤木 ジローラモ"
"541","皆川 美希"
"542","長沢 寛治"
"543","皆川 まみ"
"544","三村 薫"
"545","小杉 正義"
"546","百瀬 景子"
"547","松木 遥"
"548","藤沢 努"
"549","横田 敏和"
"550","小木 敦"
"551","大森 詩織"
"552","山城 みあ"
"553","伴 美優"
"554","遠山 えみ"
"555","野崎 育二"
"556","平井 千佳子"
"557","関 翔子"
"558","真田 佑"
"559","金井 米蔵"
"560","永井 悟志"
"561","安藤 精児"
"562","大坪 理紗"
"563","川合 亮介"
"564","池田 直人"
"565","古川 美月"
"566","石野 薫"
"567","三沢 麻由子"
"568","宍戸 大"
"569","中島 誠治"
"570","澤田 栄一"
"571","井川 弘也"
"572","中 みあ"
"573","山上 早織"
"574","小西 雅彦"
"575","篠原 コウ"
"576","山上 妃里"
"577","新村 れいな"
"578","石井 コウ"
"579","大下 華子"
"580","城咲 七世"
"581","中山 みあ"
"582","はしの 雅之"
"583","梅田 光"
"584","平林 輝信"
"585","園田 敏也"
"586","栗林 寿々花"
"587","荻原 亮"
"588","青野 奈央"
"589","米倉 智花"
"590","奥寺 長利"
"591","畠中 窈"
"592","生田 恵梨香"
"593","山岡 茜"
"594","児島 博明"
"595","鎌田 慢太郎"
"596","米田 光洋"
"597","対馬 奈月"
"598","福島 花緑"
"599","香川 茜"
"600","上野 陽子"
"601","安倍 由美子"
"602","宍戸 妃里"
"603","佐々木 だん吉"
"604","早川 三郎"
"605","秋葉 菊生"
"606","宮田 右京"
"607","岩佐 晃司"
"608","河内 由宇"
"609","山根 まみ"
"610","細山 結子"
"611","平川 淳子"
"612","上田 友香"
"613","菊田 裕司"
"614","高木 くるみ"
"615","大泉 ジョージ"
"616","浅田 路子"
"617","金井 サダヲ"
"618","黒崎 勝久"
"619","玉山 希"
"620","水嶋 麻由子"
"621","米山 陽子"
"622","前田 結衣"
"623","柳川 ケンイチ"
"624","奥田 三郎"
"625","安部 くるみ"
"626","長谷 正敏"
"627","水上 華子"
"628","奥野 寛治"
"629","坪井 はるか"
"630","金森 丈雄"
"631","横川 真希"
"632","木本 礼子"
"633","浜崎 恭子"
"634","ユースケ 直人"
"635","川添 隆太"
"636","森下 勇太"
"637","白川 里穂"
"638","吉野 美希"
"639","大貫 祐一"
"640","竹内 育二"
"641","長澤 春樹"
"642","柴田 真帆"
"643","平沢 新太"
"644","桑原 三省"
"645","藤井 将也"
"646","松居 慎之介"
"647","今野 秀樹"
"648","野口 徹"
"649","池本 愛子"
"650","沢田 あき"
"651","岡本 里穂"
"652","田辺 涼"
"653","田尻 研二"
"654","布施 文世"
"655","星 桃子"
"656","奥 亮"
"657","平田 一徳"
"658","大沢 賢二"
"659","沖 麻由子"
"660","松木 結衣"
"661","森岡 陽子"
"662","小町 精児"
"663","荻原 なつみ"
"664","土谷 薫"
"665","沢 惇"
"666","杉山 有海"
"667","太田 茂樹"
"668","北川 誠治"
"669","乾 隆博"
"670","三浦 花"
"671","海野 寛治"
"672","水島 光"
"673","池田 咲"
"674","村井 幸平"
"675","余 未華子"
"676","成海 洋介"
"677","山形 誠治"
"678","関根 たかお"
"679","伊沢 きみまろ"
"680","今川 朝香"
"681","野中 まさし"
"682","三村 希"
"683","内田 将也"
"684","大坪 沙耶"
"685","角田 貴嶺"
"686","尾形 信輔"
"687","竹原 ひとみ"
"688","北島 綾"
"689","板垣 理紗"
"690","細田 直人"
"691","古沢 和久"
"692","吉岡 誠一"
"693","藤原 瞬"
"694","矢沢 杏"
"695","小野 獅童"
"696","茂木 洋介"
"697","早美 大樹"
"698","吉川 理紗"
"699","青柳 右京"
"700","鳥居 七世"
"701","野口 晋也"
"702","原口 真一"
"703","久保 聡"
"704","三島 京子"
"705","西口 陽介"
"706","塩見 美月"
"707","菊地 優"
"708","相田 ひとり"
"709","三沢 フミヤ"
"710","花田 恵子"
"711","古田 獅童"
"712","西脇 浩正"
"713","三木 ひかり"
"714","木戸 美優"
"715","安永 真奈美"
"716","吉村 光洋"
"717","坂野 芳正"
"718","安倍 隆"
"719","柴咲 勇"
"720","児島 英嗣"
"721","近藤 里穂"
"722","矢口 昌代"
"723","石井 輝信"
"724","畑中 なぎさ"
"725","黄川田 恭子"
"726","諏訪 丈史"
"727","相原 砂羽"
"728","大和田 たかお"
"729","岩崎 功補"
"730","服部 エリカ"
"731","加納 一代"
"732","鹿手袋 美優"
"733","奥村 一代"
"734","岩谷 なぎさ"
"735","飯野 明"
"736","大野 由宇"
"737","五十嵐 遥"
"738","松澤 綾女"
"739","深田 奈々"
"740","梶原 基祐"
"741","野呂 恵望子"
"742","小幡 さゆり"
"743","平 景子"
"744","生田 太朗"
"745","細川 美幸"
"746","大崎 仁"
"747","尾形 慎之介"
"748","島崎 弘也"
"749","後藤 莉沙"
"750","石山 愛菜"
"751","田辺 咲"
"752","長尾 仁"
"753","芦屋 まなみ"
"754","麻生 さゆり"
"755","矢野 麗奈"
"756","天野 健"
"757","安藤 そら"
"758","寺島 あき"
"759","菅野 さやか"
"760","北村 満"
"761","都築 慶太"
"762","河原 くるみ"
"763","小堀 恵美"
"764","加藤 なぎさ"
"765","妹尾 なぎさ"
"766","西浦 隆太"
"767","瀬戸 優"
"768","広瀬 利夫"
"769","森田 薫"
"770","亀田 優"
"771","真田 美咲"
"772","多部 結衣"
"773","森口 由宇"
"774","進藤 完爾"
"775","平岡 隼士"
"776","川口 優"
"777","平 杏"
"778","富田 雅彦"
"779","三宅 将也"
"780","水島 麻由子"
"781","野呂 祐基"
"782","高岡 美佐子"
"783","細田 光良"
"784","北野 光"
"785","小堀 愛菜"
"786","原 真一"
"787","岩永 愛梨"
"788","木戸 一樹"
"789","丸田 光"
"790","笹川 寛治"
"791","早坂 綾"
"792","吉野 淳"
"793","広川 竜也"
"794","澤田 小雁"
"795","川辺 獅童"
"796","浦田 薫"
"797","大津 樹里"
"798","江口 勇介"
"799","田淵 晴臣"
"800","久保 茜"
"801","海老原 祐一"
"802","熊沢 寛治"
"803","柴咲 薫"
"804","永野 徹"
"805","阿井 恵子"
"806","篠原 勇太"
"807","久保田 優"
"808","上山 貴美子"
"809","池内 恵梨香"
"810","宮野 孝太郎"
"811","妹尾 俊介"
"812","磯野 正義"
"813","滝 広之"
"814","奥山 兼"
"815","滝田 玲那"
"816","武田 まみ"
"817","谷 たまき"
"818","坂本 薫"
"819","中川 蒼甫"
"820","堀田 誠治"
"821","中岡 拓郎"
"822","相田 瞳"
"823","富沢 徹"
"824","小沼 桃子"
"825","三輪 フミヤ"
"826","窪田 真吾"
"827","橋本 美月"
"828","横田 直人"
"829","杉本 敏和"
"830","大木 知世"
"831","西山 翔子"
"832","中川 有海"
"833","大浦 路子"
"834","青山 メイサ"
"835","三谷 祐基"
"836","田沢 浩介"
"837","富岡 かおり"
"838","上田 亜希"
"839","古山 京子"
"840","細井 恵子"
"841","松岡 結衣"
"842","三好 大"
"843","藤木 そら"
"844","木内 真悠子"
"845","伊集院 涼子"
"846","黒谷 まひる"
"847","山崎 恵梨香"
"848","石沢 郁恵"
"849","倉本 璃子"
"850","小久保 美月"
"851","仲村 秀樹"
"852","安井 真奈美"
"853","栗原 亮"
"854","三井 はじめ"
"855","榊原 鉄洋"
"856","滝 明"
"857","中田 明宏"
"858","高梨 めぐみ"
"859","三田 克実"
"860","川田 利夫"
"861","仲田 奈央"
"862","満島 雄太"
"863","平沢 薫"
"864","寺井 雅之"
"865","青柳 大樹"
"866","北村 基祐"
"867","今 朝陽"
"868","河野 サンタマリア"
"869","内田 慢太郎"
"870","梅沢 ちえみ"
"871","安達 はじめ"
"872","会田 三省"
"873","柴田 憲一"
"874","大地 恵望子"
"875","宮崎 たまき"
"876","大津 努"
"877","大友 大五郎"
"878","今村 ヒカル"
"879","宮脇 ちえみ"
"880","南部 進"
"881","後藤 陽介"
"882","須藤 きみまろ"
"883","藤島 育子"
"884","野崎 昌代"
"885","松澤 三郎"
"886","横山 大"
"887","小谷 知史"
"888","五十嵐 丈雄"
"889","小山 さとみ"
"890","松浦 優"
"891","岩崎 さんま"
"892","諏訪 哲平"
"893","小日向 洋介"
"894","長浜 博之"
"895","浅野 芽以"
"896","児島 樹里"
"897","武田 早織"
"898","山岸 景子"
"899","並木 美幸"
"900","奥貫 はるみ"
"901","山本 美咲"
"902","山中 仁晶"
"903","藤野 恵子"
"904","高原 研二"
"905","安部 由美子"
"906","牧田 優"
"907","川畑 裕司"
"908","神谷 明宏"
"909","五大 紗季"
"910","川合 雅彦"
"911","阿井 洋介"
"912","末永 豊"
"913","高沢 光"
"914","河村 良介"
"915","塚原 美智子"
"916","藤崎 美里"
"917","笹原 明"
"918","金谷 まさみ"
"919","須藤 さんま"
"920","下村 礼子"
"921","青柳 だん吉"
"922","植木 浩正"
"923","藤島 優"
"924","菊田 勇太"
"925","山瀬 敦"
"926","滝口 剛基"
"927","榊原 隼士"
"928","矢田 きみまろ"
"929","五十嵐 遥"
"930","長谷部 光"
"931","岡島 友以乃"
"932","浅見 誠一"
"933","小高 春樹"
"934","中西 草太"
"935","仲田 徹"
"936","岩淵 ちえみ"
"937","及川 雅彦"
"938","海野 光良"
"939","美木 由宇"
"940","土屋 彩"
"941","海老原 美希"
"942","杉山 季衣"
"943","唐沢 景子"
"944","大森 翔子"
"945","長谷部 真悠子"
"946","笠井 樹里"
"947","高尾 綾女"
"948","上山 茂樹"
"949","楠 誠治"
"950","佐野 広司"
"951","滝田 寛治"
"952","三浦 未華子"
"953","八十田 早織"
"954","石原 憲一"
"955","福士 敦"
"956","片平 玲那"
"957","岩間 徹"
"958","谷 莉央"
"959","篠田 瞬"
"960","平岡 妃里"
"961","長谷部 広之"
"962","飯野 真奈美"
"963","毛利 賢治"
"964","川越 寿明"
"965","平田 豊"
"966","大熊 早織"
"967","長谷部 はるみ"
"968","武藤 美月"
"969","塚田 瑠璃亜"
"970","富樫 輝信"
"971","桑原 京子"
"972","北田 優"
"973","吉原 郁恵"
"974","有村 りえ"
"975","北川 恵麻"
"976","大和田 慎之介"
"977","今 亜希"
"978","一木 莉沙"
"979","石田 美佳"
"980","田口 寿々花"
"981","川添 努"
"982","向井 美優"
"983","橋本 大"
"984","田辺 憲一"
"985","越智 あや子"
"986","沢田 勇介"
"987","大沼 佳乃"
"988","秦 さとみ"
"989","本山 はるか"
"990","波多野 真悠子"
"991","大川 友也"
"992","矢田 なぎさ"
"993","池内 そら"
"994","織田 新太"
"995","草野 未來"
"996","石原 遥"
"997","相川 沙耶"
"998","柄本 美月"
"999","大後 朝香"
"1000","三船 敏也"
"1001","바혼"
"1002","바혼미"
"1003","박명수"
"1004","박예진"
"1005","박회장"
"1006","발라카스"
"1007","발록"
"1008","발록의수종"
"1009","밥팅"
"1010","배째라"
"1011","백"
"1012","백두산"
"1013","백리수영"
"1014","곰돌이"
"1015","칼잡이"
"1016","대장님"
"1017","나이스가이"
"1018","불여우"
"1019","암흑병"
"1020","암살자"
"1021","흑법사"
"1022","마족"
"1023","썰어"
"1024","용용죽겠지"
"1025","지존술사"
"1026","기란사나이"
"1027","레인"
"1028","돌기사"
"1029","천하무적"
"1030","까꿍이"
"1031","장인정신"
"1032","여동생"
"1033","훅가자"
"1034","여자에요"
"1035","매력걸"
"1036","하늘기사"
"1037","천상의눈물"
"1038","허본좌"
"1039","스턴명품"
"1040","삐삐"
"1041","나이스샷"
"1042","마담"
"1043","깃털주숑"
"1044","힘덱다엘"
"1045","특별군주"
"1046","근본이된기사"
"1047","곰같은요정"
"1048","애조아"
"1049","굿잡"
"1050","시간을거슬러"
"1051","힘있는남자"
"1052","파워걸"
"1053","조용한아이"
"1054","쿠거법사"
"1055","어둠종결자"
"1056","내가기사다"
"1057","치명적한방"
"1058","노래하는요정"
"1059","시크릿가든"
"1060","섹시술사"
"1061","뉴스"
"1062","눈꽃"
"1063","누이"
"1064","눈까러"
"1065","테베오시리스"
"1066","오뎅녀"
"1067","엘름축복"
"1068","출발"
"1069","추노"
"1070","꼬마마녀"
"1071","알바"
"1072","용년"
"1073","쪼쪼"
"1074","열락해"
"1075","똘이"
"1076","또치"
"1077","깃털"
"1078","파글"
"1079","아르카"
"1080","흑샌달"
"1081","무관"
"1082","키링크"
"1083","왕궁이"
"1084","그림자부츠"
"1085","용가더"
"1086","잡꾼"
"1087","군검"
"1088","라스타바드"
"1089","고대"
"1090","바포메트"
"1091","달장"
"1092","사이하"
"1093","레어템"
"1094","마수군왕"
"1095","마법서"
"1096","주문서"
"1097","아덴상인"
"1098","떠돌이상인"
"1099","집행검"
"1100","재료상인"
"1101","악마상인"
"1102","방어구전문"
"1103","갑옷상인"
"1104","요정백화점"
"1105","악세점문"
"1106","고가템팜"
"1107","마법검"
"1108","떨이에요"
"1109","7셋"
"1110","마방셋"
"1111","재료팔아요"
"1112","용심이"
"1113","잡템의가을"
"1114","팝아이템"
"1115","사람잡는무기"
"1116","아"
"1117","낚시왕김입질"
"1118","케케"
"1119","데스"
"1120","나잘하지"
"1121","흐흐"
"1122","대어"
"1123","가자"
"1124","오케이"
"1125","고고"
"1126","좀한다"
